"","x","y","cluster"
"1",0.231045770458877,-0.283209323883057,1
"2",0.00723052909597754,0.0626192740164697,1
"3",0.42396171297878,-0.331269714515656,1
"4",0.141436032019556,0.410139312967658,1
"5",0.0637634079903364,0.310411722399294,1
"6",0.0387660372070968,0.0650522690266371,1
"7",0.0066686263307929,0.223456835839897,1
"8",0.0311075900681317,-0.449101449921727,1
"9",0.265312733128667,0.00758098997175694,1
"10",0.000562232919037342,0.202997112646699,1
"11",0.24639665754512,-0.342791438102722,1
"12",0.0622847317717969,0.0127524915151298,1
"13",0.0954570528119802,-0.338109851814806,1
"14",0.322110068053007,-0.170220151077956,1
"15",0.439205907750875,-0.175228493753821,1
"16",0.247194982133806,-0.156648814212531,1
"17",0.21023066714406,-0.27890491951257,1
"18",0.476634907536209,-0.221441389992833,1
"19",0.0209947293624282,0.230929809622467,1
"20",0.0483754589222372,0.0161648956127465,1
"21",0.0572011792100966,-0.318209103308618,1
"22",0.33844488253817,-0.246674129739404,1
"23",0.252885230816901,-0.402298994362354,1
"24",0.0229784129187465,-0.127441362012178,1
"25",0.424466502852738,-0.0652766134589911,1
"26",0.198787048459053,0.0239762947894633,1
"27",0.313066335394979,0.185384178068489,1
"28",0.062367076985538,-0.403505272697657,1
"29",0.0554833351634443,-0.220064591150731,1
"30",0.323384118266404,-0.296340827364475,1
"31",0.256278013344854,0.248345714528114,1
"32",0.408489673398435,-0.124650363344699,1
"33",0.0706337238661945,-0.479639350436628,1
"34",0.0902997022494674,-0.317523869685829,1
"35",0.280932139605284,0.020978809799999,1
"36",0.272713923826814,0.43629257613793,1
"37",0.211307221557945,-0.258797784335911,1
"38",0.0941028632223606,-0.360248779412359,1
"39",0.303637888748199,0.373289707582444,1
"40",0.372231499757618,0.278470807243139,1
"41",0.321282914374024,0.206534477416426,1
"42",0.339119344484061,0.416719076689333,1
"43",0.515598963014781,-0.14647672418505,1
"44",0.210192509926856,-0.494718236848712,1
"45",0.375581980217248,-0.226785602048039,1
"46",0.0293508972972631,-0.413775090593845,1
"47",0.107301933225244,-0.199005486443639,1
"48",0.310978703666478,0.351597324945033,1
"49",0.238270058296621,0.382364698685706,1
"50",0.158136976417154,0.293755851686001,1
"51",0.0576322390697896,0.105051212012768,1
"52",0.297844761516899,0.374179221689701,1
"53",0.205191243905574,-0.283238316420466,1
"54",0.0913441693410277,-0.234829746652395,1
"55",0.391694320365787,0.207013594452292,1
"56",0.274133707396686,-0.31737501360476,1
"57",0.33440283825621,-0.302269794046879,1
"58",0.276677715592086,-0.367536981124431,1
"59",0.318961863871664,0.36740039428696,1
"60",0.321698865387589,-0.257135954219848,1
"61",0.159253186080605,0.332478378433734,1
"62",0.096974931191653,-0.491555818822235,1
"63",0.231351788155735,0.244262482505292,1
"64",0.317248843144625,0.363830968737602,1
"65",0.366054576821625,-0.107464276719838,1
"66",0.515669331420213,0.0433896942995489,1
"67",0.00747569557279348,0.527120776940137,1
"68",0.291070555336773,-0.231153733097017,1
"69",0.209902537055314,0.0466119442135096,1
"70",0.0420340676791966,-0.0896783056668937,1
"71",0.331716071348637,-0.0601720656268299,1
"72",0.147759541869164,0.0108088627457619,1
"73",0.346674994565547,-0.255079397000372,1
"74",0.114588406868279,0.276255850680172,1
"75",0.0203897673636675,0.158196948934346,1
"76",0.120272288098931,0.162948698271066,1
"77",0.117445718962699,-0.0389760155230761,1
"78",0.111202338710427,0.342996464110911,1
"79",0.21439044829458,0.362885794136673,1
"80",0.476380503736436,-0.197903397958726,1
"81",0.0980983967892826,-0.191413358785212,1
"82",0.234087707474828,-0.046764908824116,1
"83",0.253211313858628,-0.127390083856881,1
"84",0.411233452614397,-0.0173677783459425,1
"85",0.40596020873636,-0.349764238577336,1
"86",0.0898721544072032,0.538760649971664,1
"87",0.303878608159721,-0.0164861031807959,1
"88",0.490206697490066,0.184102699160576,1
"89",0.0860323496162891,0.339292236603796,1
"90",0.410222213715315,-0.252931167837232,1
"91",0.378116251900792,-0.179977277759463,1
"92",0.378048100508749,0.00967064965516329,1
"93",0.355963582638651,0.334022397175431,1
"94",0.289790553972125,0.088514304254204,1
"95",0.425994077231735,0.176060112193227,1
"96",0.356025569140911,0.258463159203529,1
"97",0.11238904343918,-0.15584016777575,1
"98",0.101429609116167,0.0586321176961064,1
"99",0.327154544647783,-0.250362738035619,1
"100",0.249160318169743,-0.162579170428216,1
"101",0.42701007053256,0.121206850279123,1
"102",0.0382000603713095,-0.255937427282333,1
"103",0.266640051733702,0.00665485253557563,1
"104",0.38669126201421,0.0380473034456372,1
"105",0.183285639621317,0.122103760484606,1
"106",0.116066546179354,0.0584265640936792,1
"107",0.204733799677342,0.231107802595943,1
"108",0.329440421890467,0.297418248374015,1
"109",0.0100271129049361,-0.443839511834085,1
"110",0.213987724855542,-0.44784168060869,1
"111",0.262086606118828,0.00316000217571855,1
"112",0.0275154453702271,0.188796906732023,1
"113",0.189449443481863,0.263405846431851,1
"114",0.0865548104047775,0.454191507771611,1
"115",0.300081942230463,-0.0541513827629387,1
"116",0.199599840678275,0.164384504780173,1
"117",0.441332089249045,-0.0483004725538194,1
"118",0.0575301144272089,-0.0718902377411723,1
"119",0.284469587728381,-0.0580602237023413,1
"120",0.327024181839079,-0.212989463005215,1
"121",0.00272168405354023,-0.325022250879556,1
"122",0.337617289274931,-0.387127686757594,1
"123",0.930568694137037,-0.935109124518931,2
"124",1.14219319261611,-0.591171076521277,2
"125",0.919496298767626,-0.719219126738608,2
"126",0.662082801572978,0.82695777527988,2
"127",1.15149782504886,0.199848974123597,2
"128",0.287997956387699,-1.37533700559288,2
"129",0.623387250117958,-0.923963123932481,2
"130",1.2009264593944,-0.534462971612811,2
"131",1.08943175990134,0.0279295518994331,2
"132",0.0851528039202094,1.02176143042743,2
"133",0.710083590820432,-0.866166680119932,2
"134",0.869733244180679,-0.875982858240604,2
"135",0.978778859600425,0.596975903958082,2
"136",1.09949104581028,0.848984974436462,2
"137",0.686005878262222,1.1703436570242,2
"138",0.932826950214803,-0.72444433439523,2
"139",0.743121301755309,1.02698164898902,2
"140",1.00532333366573,-0.597702760249376,2
"141",1.09009319357574,0.478323147632182,2
"142",0.959307939745486,0.348991388455033,2
"143",0.38045890443027,-1.31656953599304,2
"144",0.893543816171587,0.875692672096193,2
"145",0.233269195072353,1.1144303791225,2
"146",0.782174068503082,0.641859048977494,2
"147",0.924373767338693,0.881653379648924,2
"148",1.23149722628295,0.0619830004870892,2
"149",1.14547313190997,-0.402754301205277,2
"150",0.427471878007054,-1.08715028036386,2
"151",1.07104956824332,-0.10777491517365,2
"152",0.561879765242338,1.02447944041342,2
"153",0.552131596952677,-1.10134099796414,2
"154",0.103208472020924,1.3656892189756,2
"155",1.37054112646729,0.289714035578072,2
"156",0.251512658782303,1.35903365537524,2
"157",1.15689864847809,0.385045369155705,2
"158",1.19343477394432,0.471011958085001,2
"159",0.788079072721303,-0.938484721817076,2
"160",0.383767205290496,1.07942546065897,2
"161",0.37635169737041,-1.15681716054678,2
"162",1.13351896684617,0.576041524298489,2
"163",0.621955719776452,-0.888078428804874,2
"164",0.239290014840662,-1.18851123563945,2
"165",0.919399697333574,0.862261610105634,2
"166",0.530082617886364,1.17196753807366,2
"167",0.311533566564322,1.15241747815162,2
"168",0.920459473505616,0.910484279505908,2
"169",0.252485211007297,1.15315744560212,2
"170",0.089619617909193,-1.30304360482842,2
"171",0.924307805486023,0.839129753410816,2
"172",1.26331211160868,-0.53064054902643,2
"173",0.0850718514993787,1.23994107916951,2
"174",0.900081599131227,1.0150334155187,2
"175",0.668816648423672,1.23777948785573,2
"176",0.0985402408987284,-1.29635016713291,2
"177",0.793719216249883,1.11782194022089,2
"178",0.206099889241159,-1.04049243405461,2
"179",0.975951516069472,0.420769866555929,2
"180",0.510746450163424,1.14855286292732,2
"181",1.15597853902727,-0.414243430830538,2
"182",1.26186635997146,-0.517085630446672,2
"183",0.121542474254966,1.12398925703019,2
"184",0.643846374936402,1.0204615695402,2
"185",0.885524366050959,0.975308747030795,2
"186",1.100002983585,-0.664743693545461,2
"187",0.906914684921503,0.441419451497495,2
"188",0.83454268053174,-0.914046011865139,2
"189",1.26471150945872,0.0236130943521857,2
"190",1.28072058688849,-0.597794297151268,2
"191",1.25248595606536,0.417574838735163,2
"192",1.12625694274902,-0.772706164047122,2
"193",0.184293222613633,-1.04192044772208,2
"194",0.414772170595825,0.958650156855583,2
"195",1.0072572696954,-0.108863769099116,2
"196",1.31359921768308,0.389367751777172,2
"197",0.151086069643497,-1.22487245500088,2
"198",1.18106482364237,0.00380690209567547,2
"199",0.11877126339823,1.32803472597152,2
"200",0.981875856406987,0.819926982745528,2
"201",1.19364553503692,-0.466913587413728,2
"202",0.767337292432785,-0.856308098882437,2
"203",0.128998980857432,-1.06335656065494,2
"204",0.501614483073354,0.990468321368098,2
"205",0.0628175223246217,1.08033548574895,2
"206",0.645541209727526,-0.911890446208417,2
"207",0.148411051370203,1.23407896608114,2
"208",1.17483410146087,0.394199784845114,2
"209",0.602057579904795,-0.955480514094234,2
"210",0.790230969898403,-1.1315753730014,2
"211",1.24051468167454,0.223774307407439,2
"212",0.906571034342051,-0.91930705588311,2
"213",1.15695230755955,0.123145828954875,2
"214",0.465866322629154,-1.10453862696886,2
"215",1.30873197782785,0.00397083722054958,2
"216",1.28026551473886,0.0825275247916579,2
"217",1.23675730917603,0.341602630913258,2
"218",0.113218696787953,1.05927575565875,2
"219",1.32015894819051,0.467337085865438,2
"220",0.965729365125299,-0.728499602526426,2
"221",1.08277279790491,-0.562489704228938,2
"222",0.683765078894794,0.981889691203833,2
"223",0.258678828366101,1.16117276344448,2
"224",1.10841541271657,0.228812845423818,2
"225",0.194708954542875,-1.29117551352829,2
"226",1.24673925898969,-0.581718313507736,2
"227",1.12064300477505,0.820355037227273,2
"228",0.146518984809518,-1.31890587229282,2
"229",0.899549435824156,-0.663259393535554,2
"230",0.964169127866626,-0.570475555956364,2
"231",0.348100620321929,-1.22885908000171,2
"232",0.49245198071003,-0.885525142773986,2
"233",1.05837380699813,0.061148289591074,2
"234",1.09988074563444,0.341071989387274,2
"235",1.08078049775213,0.713519391603768,2
"236",0.96628147829324,-0.7330775083974,2
"237",1.22710467688739,-0.124496499076486,2
"238",0.667632643133402,-0.922017953358591,2
"239",1.30567162018269,0.0729682771489024,2
"240",1.24293766077608,-0.354863420128822,2
"241",0.103324173018336,1.23544090986252,2
"242",1.23695505037904,0.216895468533039,2
"243",0.607343877665699,-0.931792399846017,2
"244",0.937179697677493,-0.506777975708246,2
"245",0.67599072586745,0.945850933901966,2
"246",1.06118367705494,-0.0195875624194741,2
"247",1.05747281480581,0.478110358119011,2
"248",0.339043023064733,-1.03913453314453,2
"249",0.0232240995392203,-1.38498139474541,2
"250",0.209457737393677,1.3217600081116,2
"251",1.14276875928044,0.0305597372353077,2
"252",0.15253191255033,1.26870645582676,2
"253",0.572979440912604,1.10201308131218,2
"254",0.291785884648561,1.22158469539136,2
"255",0.871365361846983,-0.747302480041981,2
"256",1.21979720983654,0.212361323647201,2
"257",1.32009356562048,0.000417361967265606,2
"258",0.0751062193885446,-1.20025658980012,2
"259",0.707883703522384,-0.999092771671712,2
"260",0.367060397751629,-1.28449129033834,2
"261",0.831015560775995,-1.1336556347087,2
"262",0.74726621620357,-1.04287795629352,2
"263",0.591531017795205,0.97246719058603,2
"264",0.21347514539957,-1.06635509151965,2
"265",0.97770840395242,-0.700810055248439,2
"266",1.15868109557778,0.747837482020259,2
"267",0.958576177246869,0.724717524833977,2
"268",0.145656484179199,-1.31403611600399,2
"269",0.978688457049429,0.349686218425632,2
"270",0.984713584184647,0.223684757947922,2
"271",1.01866291183978,-0.637448136694729,2
"272",0.0532448049634695,-1.15448408108205,2
"273",0.983991988003254,0.991499370895326,2
"274",0.935948650352657,0.377609731629491,2
"275",0.623128129169345,-0.957239912822843,2
"276",0.812407347373664,-0.784037272445858,2
"277",0.369835246354342,-1.15205346886069,2
"278",0.987237975001335,-0.62602938618511,2
"279",0.425352330319583,1.21265536732972,2
"280",0.115425294265151,-1.35774131957442,2
"281",1.36303864046931,-0.286791361868382,2
"282",0.46648979652673,-1.08908201940358,2
"283",0.975497859530151,-0.226389387622476,2
"284",0.965247609652579,-0.55803938023746,2
"285",0.540955267846584,1.26645077578723,2
"286",0.855318166315556,-1.03073036018759,2
"287",0.156815706752241,1.06292719580233,2
"288",1.34561830572784,0.347069035284221,2
"289",1.23745025135577,-0.487391578033566,2
"290",0.510941997170448,1.31048289500177,2
"291",0.490758500993252,1.14280723873526,2
"292",0.515674904920161,-1.27807442937046,2
"293",0.13820293545723,-1.12371320743114,2
"294",0.92426439281553,0.551657092757523,2
"295",1.23790562432259,-0.47018819488585,2
"296",0.60655568074435,-0.892048576846719,2
"297",0.380962720140815,1.33205228764564,2
"298",1.03816278744489,-0.0513067226856947,2
"299",0.041673457249999,-1.06340384762734,2
"300",0.228032075800002,1.37694725953043,2
"301",0.115994108840823,-1.0093692233786,2
"302",0.265699758194387,-1.13015028368682,2
"303",0.61255263350904,1.06603842042387,2
"304",1.20315351337194,0.424930867739022,2
"305",0.537534847855568,-0.887221448123455,2
"306",0.704133683815598,0.891922574490309,2
"307",0.251136250793934,-1.01182943116874,2
"308",0.738535461015999,-0.94207301363349,2
"309",1.18352886848152,0.159321143291891,2
"310",0.530929680913687,-1.30932747758925,2
"311",0.350206887349486,-1.18305740505457,2
"312",0.905412714928389,0.711395613849163,2
"313",0.368750433437526,-1.12472243700176,2
"314",0.458858201280236,1.0943350866437,2
"315",0.22735445946455,-1.3157286895439,2
"316",0.852774417027831,0.791640833951533,2
"317",1.3132128668949,0.106414102017879,2
"318",0.698356716893613,-0.863775909878314,2
"319",1.0415256889537,0.549029164947569,2
"320",1.06260717194527,0.503181624226272,2
"321",0.164761271327734,1.08398362528533,2
"322",1.18716071918607,-0.601340273395181,2
"323",0.219570559449494,-1.01601931452751,2
"324",1.12442156299949,0.515330460853875,2
"325",1.11001500114799,0.242260711267591,2
"326",1.09603853151202,-0.241064552217722,2
"327",0.742428181692958,0.738877725787461,2
"328",0.94283629860729,-0.584837412461638,2
"329",1.07508093863726,0.87244635540992,2
"330",0.109462840482593,-1.37714533507824,2
"331",0.427892877720296,-1.14828522689641,2
"332",0.679494457319379,0.813989334739745,2
"333",0.0643465714529157,1.21283917222172,2
"334",1.10241159703583,0.764790837652981,2
"335",0.250079325400293,1.24208645522594,2
"336",0.757079540751874,-0.941711883060634,2
"337",0.200135638006032,-1.03836484998465,2
"338",0.94670816604048,0.484948015771806,2
"339",1.04412499908358,0.0478161033242941,2
"340",0.790753016248345,-1.14605651143938,2
"341",0.970228507183492,-0.677898307330906,2
"342",0.438590954057872,-1.08546074666083,2
"343",1.14103174675256,0.235694569535553,2
"344",0.0780377872288227,-1.04717891383916,2
"345",0.511357503011823,-0.87384623568505,2
"346",0.958400500938296,1.00125000532717,2
"347",0.907244298607111,-0.650966672226787,2
"348",1.31091229990125,-0.00028516910970211,2
"349",0.296653550118208,1.01729339919984,2
"350",1.3728838507086,-0.203376606106758,2
"351",0.99344920180738,0.866136534139514,2
"352",1.28178391698748,-0.00497476384043694,2
"353",0.284044616855681,-1.19219786673784,2
"354",0.757778606377542,-0.886831298470497,2
"355",1.2958225812763,0.550794254988432,2
"356",1.11216135881841,0.863334254361689,2
"357",0.729839532636106,-1.11127973720431,2
"358",0.873882610350847,1.05856785085052,2
"359",1.08698143996298,-0.0853726202622056,2
"360",0.0413357047364116,1.28854122478515,2
"361",0.682941190898418,1.15111428685486,2
"362",0.880907919257879,0.931359269656241,2
"363",0.964575840160251,-0.928332998417318,2
"364",0.851839358918369,-0.854208536446095,2
"365",0.561738640069962,1.26497387234122,2
"366",0.00297489576041698,-1.17727607209235,2
"367",0.567478024400771,-0.840836095623672,2
"368",0.473883028142154,1.06984542869031,2
"369",1.02581560146064,-0.683821320533752,2
"370",1.10704615991563,0.0141094895079732,2
"371",0.189858933910728,-1.39241384528577,2
"372",1.09270846843719,0.501531803049147,2
"373",0.721580698154867,-0.857445382513106,2
"374",0.641936236061156,0.814910139888525,2
"375",0.0902019096538424,-1.26856846082956,2
"376",0.927055305801332,-0.973392491228878,2
"377",0.186476436443627,1.3068146109581,2
"378",0.107100926339626,1.06374667678028,2
"379",0.92662060726434,1.05454308446497,2
"380",0.921865061856806,0.676274618133903,2
"381",0.592959634959698,-1.17702550254762,2
"382",1.08125874213874,0.843234876170754,2
"383",0.92150382231921,0.475330729037523,2
"384",1.02506501786411,-0.15299019869417,2
"385",0.725628443993628,-0.781932796351612,2
"386",0.280807748436928,1.14105421025306,2
"387",0.172591383568943,-1.08876032847911,2
"388",1.24555258918554,0.421251837164164,2
"389",0.218711161985993,-1.24794652592391,2
"390",0.360504173673689,-1.30577030405402,2
"391",0.708949704654515,-0.955795510672033,2
"392",0.829515153542161,-0.848155084997416,2
"393",0.036901144310832,1.13716408517212,2
"394",0.912582476623356,-0.829736059531569,2
"395",1.09302870091051,0.372297273948789,2
"396",1.16539437137544,0.493815925903618,2
"397",1.23158459644765,-0.574486606754363,2
"398",0.68148177023977,-1.22037383075804,2
"399",0.488129168748856,1.19965397473425,2
"400",0.556431723758578,1.29616111051291,2
"401",0.863940080627799,0.560742544941604,2
"402",1.24479338899255,0.0501251891255379,2
"403",1.03044525999576,0.914759583771229,2
"404",0.824044903740287,-0.652585485950112,2
"405",1.14355405047536,-0.716244188137352,2
"406",0.456290690228343,1.11093377415091,2
"407",1.36111132614315,0.275138195604086,2
"408",1.28755835816264,0.377890835516155,2
"409",0.154242577031255,1.40052643232048,2
"410",1.15725884120911,-0.605558355338871,2
"411",0.932213765569031,-0.474567702971399,2
"412",1.07502881158143,0.15211527608335,2
"413",0.535039714537561,-1.25353440642357,2
"414",0.0176362954080105,-1.22361001744866,2
"415",0.898009012453258,0.883263069204986,2
"416",0.707047822885215,-1.08122683968395,2
"417",1.35224624257535,0.100209010764956,2
"418",0.987791400402784,-0.192365614697337,2
"419",1.1424607001245,0.492691299878061,2
"420",1.00048772245646,-0.826867685653269,2
"421",1.17627799045295,-0.143172990530729,2
"422",0.186893020756543,-1.18633440043777,2
"423",0.769302159547806,-0.656079926528037,2
"424",1.26373296324164,0.364237147383392,2
"425",1.07938518468291,-0.434786609373987,2
"426",0.631390698254108,-1.08388025220484,2
"427",0.478785651735961,0.90895835403353,2
"428",0.54369143396616,-1.00224238075316,2
"429",0.572553822770715,1.20872591715306,2
"430",1.20830034371465,-0.626941546797752,2
"431",0.519461074844003,-0.945667714811862,2
"432",1.05956925265491,-0.761979423463345,2
"433",0.91172291431576,0.909451197832823,2
"434",0.984052744694054,-0.648715902119875,2
"435",0.107991958968341,1.12596830166876,2
"436",0.89203569944948,0.697318309918046,2
"437",0.963847734034061,-0.595912165939808,2
"438",0.80120887607336,-0.644322920590639,2
"439",0.300671110861003,-0.976636042818427,2
"440",0.258665175177157,-1.22647610493004,2
"441",0.255944778211415,-1.02280521579087,2
"442",0.190839722752571,1.06995754595846,2
"443",0.404231344349682,-1.06183505896479,2
"444",0.517843736335635,-0.905917619355023,2
"445",1.28935128916055,-0.0257228286936879,2
"446",0.0265797199681401,1.40733745228499,2
"447",0.462102080695331,1.07361882273108,2
"448",1.33815774414688,-0.40808489266783,2
"449",1.32517594471574,0.407470657490194,2
"450",1.26000222098082,-0.0441973777487874,2
"451",0.878655085340142,-0.610496234148741,2
"452",0.354139780625701,-0.957233919762075,2
"453",1.19508170895278,-0.150060251355171,2
"454",1.34272082708776,0.268052713014185,2
"455",0.060642029158771,1.20246627088636,2
"456",0.180454623885453,1.27830232586712,2
"457",0.77031072974205,0.891962371766567,2
"458",1.27304600644857,-0.600467765703797,2
"459",1.03151462320238,-0.502863336354494,2
"460",0.912453899160028,-1.05136017780751,2
"461",0.81215282343328,-1.15769425407052,2
"462",0.769061001949012,0.79934215079993,2
"463",1.14101788774133,-0.596954252570868,2
"464",0.487042161636055,-0.950885315425694,2
"465",0.389027915894985,0.990931562148035,2
"466",0.857295236550272,0.656932190991938,2
"467",0.788689548149705,1.11359587311745,2
"468",0.662199490703642,-0.848009592853487,2
"469",0.089610205963254,-1.26431997865438,2
"470",0.0415030894801021,-1.4065316375345,2
"471",0.0198475439101458,1.20896954834461,2
"472",0.4304119925946,1.2012870516628,2
"473",1.0260727070272,-0.333656007423997,2
"474",1.00015005096793,-0.808655286207795,2
"475",1.21231204178184,-0.0593559704720974,2
"476",1.01777690649033,-0.189681077376008,2
"477",1.15881996974349,-0.406186361797154,2
"478",0.44808716326952,-1.16033486556262,2
"479",0.449487476609647,-0.894744208082557,2
"480",0.980285597965121,0.838598843663931,2
"481",1.08572085946798,-0.0629792353138328,2
"482",0.471606936305761,-0.951670940965414,2
"483",0.983716318383813,-0.505196374841034,2
"484",0.957891456782818,0.390437628142536,2
"485",0.356999267823994,1.20609900914133,2
"486",0.515096243470907,1.06938121747226,2
"487",1.3718105526641,-0.162695532664657,2
"488",0.504554713144898,0.893902966752648,2
"489",0.327810113318264,1.08550596423447,2
"490",0.968042509630322,-0.512023288756609,2
"491",1.17687467485666,0.418276964686811,2
"492",0.988681205548346,0.191157421097159,2
"493",0.592169728130102,0.857337065041065,2
"494",0.480996076948941,1.16667881887406,2
"495",1.21907017100602,-0.550765724852681,2
"496",0.0600900631397963,1.20533746480942,2
"497",0.401003625243902,-1.33519546035677,2
"498",0.714755798690021,-0.865977907553315,2
"499",0.255939923226833,1.07757115829736,2
"500",0.405590730719268,1.00951341539621,2
"501",1.28403100557625,0.0478409761562943,2
"502",0.241315566003323,1.04674869216979,2
"503",0.630380976945162,-0.972502930089831,2
"504",0.977545876055956,-0.844226998277009,2
"505",0.13953900989145,-1.13577285967767,2
"506",0.70365437399596,1.00373620633036,2
"507",1.11099370755255,0.665145522914827,2
"508",0.404822054319084,-0.966786933131516,2
"509",0.81774771772325,-0.607267706654966,2
"510",1.16431882139295,-0.725855331867933,2
"511",0.516985278576612,-1.01671714521945,2
"512",1.08732241950929,0.739441314712167,2
"513",0.151706985197961,1.0208921963349,2
"514",0.983024084940553,0.442772066220641,2
"515",0.196030337363482,-1.28270412515849,2
"516",0.643018958158791,-1.12665380071849,2
"517",0.938391936942935,0.685521780513227,2
"518",1.11883109994233,0.161994128488004,2
"519",0.342049788683653,-1.31266880594194,2
"520",0.845185767859221,0.742686556652188,2
"521",1.05937130562961,0.896481514908373,2
"522",1.18590338807553,0.529329188168049,2
"523",1.13683147542179,-0.670763274654746,2
"524",0.788234311155975,-0.808617368340492,2
"525",1.01834907289594,-0.2242741137743,2
"526",0.947965831495821,-0.327001933939755,2
"527",0.269605236127973,1.04318635351956,2
"528",0.983011573553085,-0.854125221259892,2
"529",1.04948212951422,0.0357372118160129,2
"530",0.0858835652470589,-1.10539949499071,2
"531",0.874148465692997,0.869566491805017,2
"532",0.176400287076831,1.34920218959451,2
"533",1.38181292358786,0.031762165017426,2
"534",1.3123657843098,-0.0166664589196444,2
"535",1.30310993641615,0.344407210126519,2
"536",0.337659526616335,1.07776919659227,2
"537",0.125330104492605,-1.1835151175037,2
"538",0.964013126678765,0.981885083019733,2
"539",0.903573228046298,0.580401250161231,2
"540",0.998023725114763,-0.736513090319932,2
"541",0.666752179153264,-1.08717010635883,2
"542",1.23969282768667,0.17476166319102,2
"543",1.0461046108976,-0.227012555114925,2
"544",0.382196891121566,-1.36117873247713,2
"545",0.870705883949995,-0.930940416641533,2
"546",0.887370618991554,0.618561334908009,2
"547",0.188600147143006,-1.33174193371087,2
"548",0.0786583637818694,-1.4023521207273,2
"549",0.731756211258471,-0.850633755326271,2
"550",0.719790115952492,1.11486515402794,2
"551",0.990024684928358,-0.447380976751447,2
"552",1.14647041726857,0.634205631911755,2
"553",0.775463144294918,0.634206892922521,2
"554",0.00971697550266981,1.00724486913532,2
"555",0.834551422856748,0.651724746450782,2
"556",0.696343916468322,-0.801651603542268,2
"557",1.00986771378666,-0.757670216262341,2
"558",1.30530545208603,0.0472394414246082,2
"559",0.878998843021691,-0.971335486508906,2
"560",0.896667074412107,0.71787819545716,2
"561",1.33714909479022,-0.447999856434762,2
"562",0.582534463144839,-1.09019643627107,2
"563",1.13057564850897,-0.222979046404362,2
"564",0.0586923277005553,1.16878340672702,2
"565",0.961547009646893,0.796838774345815,2
"566",1.23717829305679,-0.0693398974835873,2
"567",1.08069237228483,0.445975155569613,2
"568",1.04335237760097,-0.68346147891134,2
"569",0.892937852069736,0.770615447312593,2
"570",0.17173108458519,-1.16484053712338,2
"571",0.600664553232491,-0.853677188977599,2
"572",0.37554148118943,-1.15053321048617,2
"573",0.980972893536091,0.494691726751626,2
"574",0.991799147799611,0.751994424499571,2
"575",1.12178030237556,-0.0374610833823681,2
"576",0.0389360385015607,1.38537145126611,2
"577",0.275809681043029,1.37476974539459,2
"578",0.0866807559505105,1.3324398547411,2
"579",0.582463590428233,-0.839465526863933,2
"580",0.926315909251571,0.799060564488173,2
"581",1.05380559246987,0.0674808453768492,2
"582",0.801264355890453,-0.849314210936427,2
"583",1.11443626414984,-0.372547395527363,2
"584",0.485424792394042,-1.26135401520878,2
"585",0.765747235156596,-0.726196872070432,2
"586",1.12864002678543,0.638395149260759,2
"587",0.706582706421614,-1.17296819575131,2
"588",1.30862640589476,-0.310074510984123,2
"589",0.932216831482947,0.474417507648468,2
"590",0.379138584248722,-0.993347688578069,2
"591",0.903039668686688,0.715833678841591,2
"592",1.33377065137029,0.115250021219254,2
"593",1.05647706054151,-0.205253523774445,2
"594",1.04259495902807,0.49857590533793,2
"595",0.957863784395158,-0.758691519498825,2
"596",0.735107498243451,0.929273745976388,2
"597",0.780667074956,-0.912494044750929,2
"598",0.921395598910749,0.893073194660246,2
"599",0.967613779939711,0.698678816668689,2
"600",0.448045302182436,-1.02735637966543,2
"601",1.02418415993452,-0.226031741127372,2
"602",1.15530578698963,-0.728721860796213,2
"603",1.06631338875741,-0.375925377942622,2
"604",0.858766981400549,0.609289630316198,2
"605",1.12283991836011,0.287345757707953,2
"606",0.301378300413489,-1.22201442159712,2
"607",1.24866845272481,-0.253457251004875,2
"608",0.19113636109978,-1.11371719650924,2
"609",1.06500867940485,0.382056101225317,2
"610",1.30832442827523,0.3749298164621,2
"611",1.32658442854881,0.119901852682233,2
"612",0.607465473935008,-0.98946975171566,2
"613",0.117200368084013,1.32437278795987,2
"614",0.436328968033195,1.10276187025011,2
"615",0.950555389747024,0.38187830708921,2
"616",1.27736840769649,-0.573489508591592,2
"617",0.47077910695225,-1.09929365571588,2
"618",0.880419070832431,1.01665394101292,2
"619",0.981192854233086,0.193107443861663,2
"620",0.112547185271978,1.1590037913993,2
"621",0.837326806038618,1.13038852158934,2
"622",0.333932214416564,-1.07495250646025,2
"623",0.721273938193917,0.723170846700668,2
"624",1.10678138490766,0.716497690416873,2
"625",1.1184637080878,0.354860912077129,2
"626",0.820785543881357,1.14769866224378,2
"627",1.19784592837095,0.275332087650895,2
"628",0.686150362715125,-0.859268909320235,2
"629",0.853878410533071,-0.933519454672933,2
"630",0.887436403892934,1.07713621854782,2
"631",0.874197661876678,-1.02952229324728,2
"632",0.020055765286088,-1.41380232572556,2
"633",0.578251350671053,1.25410419423133,2
"634",0.52886198181659,-1.13994015194476,2
"635",1.27621486224234,0.187423365190625,2
"636",1.06472148932517,-0.495371244847775,2
"637",1.2796913292259,-0.11459084879607,2
"638",0.991068752482533,0.991637817583978,2
"639",0.0350581035017967,-1.09150541294366,2
"640",0.320272153243423,-1.09063721913844,2
"641",0.553120202384889,-0.833473646081984,2
"642",0.460267274640501,-1.09558599535376,2
"643",1.14752625953406,-0.317031668499112,2
"644",1.40238604415208,-0.0133346766233444,2
"645",1.35696058627218,0.0930149303749204,2
"646",0.629801879636943,-0.874585902318358,2
"647",1.07954612933099,0.728551997803152,2
"648",0.0304159382358193,-1.2250984897837,2
"649",1.18644062057137,-0.683440365828574,2
"650",0.964247331023216,-0.336510565131903,2
"651",0.0847082315012813,1.07269689720124,2
"652",1.07999050337821,0.17458282597363,2
"653",1.26991462521255,0.0597028210759163,2
"654",1.27923887223005,-0.259314107708633,2
"655",1.10814515035599,0.326805610209703,2
"656",0.431148585863411,-1.17152452189475,2
"657",0.0384682146832347,1.3886047648266,2
"658",0.363169518299401,1.32137273810804,2
"659",1.30537775717676,-0.0724227111786604,2
"660",0.460304115898907,1.06327591370791,2
"661",0.967580450698733,-0.703569157980382,2
"662",0.580608552321792,-1.26338544860482,2
"663",0.974046351388097,0.471955967135727,2
"664",1.16971670743078,0.49941729567945,2
"665",0.0996099384501576,1.17347968183458,2
"666",0.876738116145134,-1.03802874218673,2
"667",0.427831897512078,1.13987664971501,2
"668",0.0854815421625972,1.11845047678798,2
"669",1.02081994432956,0.33259438443929,2
"670",1.16216110251844,0.525076498277485,2
"671",0.10963168554008,-0.997473071329296,2
"672",0.398518122732639,0.978848962113261,2
"673",0.792870886623859,-0.752809131518006,2
"674",0.0892904661595821,-1.19115375448018,2
"675",0.264797526411712,1.24187711440027,2
"676",0.65402380656451,1.0816288786009,2
"677",0.805233356542885,1.10102398972958,2
"678",1.15441800840199,-0.415632860735059,2
"679",1.23120784852654,-0.367382002994418,2
"680",1.03728217259049,-0.703181712888181,2
"681",1.01799715310335,0.0811287583783269,2
"682",0.136396576650441,1.05153314117342,2
"683",0.311538646928966,1.18223498109728,2
"684",0.96039029955864,-0.767896875739098,2
"685",0.211841145530343,-1.25549978110939,2
"686",0.933493915945292,-1.01932864263654,2
"687",1.05499277822673,-0.91662716306746,2
"688",1.11552757769823,-0.0503776641562581,2
"689",0.0545834600925446,1.26641928218305,2
"690",0.80924138519913,-1.02513821516186,2
"691",0.835809822194278,0.693279420956969,2
"692",0.527765188366175,-1.23733644839376,2
"693",0.70083362236619,0.789127845317125,2
"694",0.531003496609628,1.09237765800208,2
"695",1.11384147871286,0.611513187177479,2
"696",1.11623513139784,0.594849728047848,2
"697",1.25165342353284,-0.604827986098826,2
"698",0.96943717636168,-0.648822762072086,2
"699",0.369747504591942,-0.952918426133692,2
"700",0.467216303572059,-1.19285720773041,2
"701",1.10757422167808,0.522455803118646,2
"702",1.36252939049155,-0.378575870767236,2
"703",0.132815019227564,-1.00660522840917,2
"704",1.19479630328715,0.642283122986555,2
"705",1.19281240738928,0.605237039737403,2
"706",0.698808474466205,0.760695975273848,2
"707",0.757533716037869,-0.881960116326809,2
"708",1.24965411424637,-0.637281659059227,2
"709",0.240995458327234,-1.0801630076021,2
"710",0.147487725131214,1.17671669274569,2
"711",1.04283933248371,0.649107050150633,2
"712",1.22486769687384,0.641618778929114,2
"713",1.06909580435604,-0.23484286852181,2
"714",0.426788510754704,1.33616977278143,2
"715",0.718569631688297,0.894001440145075,2
"716",1.30467694532126,0.398891973309219,2
"717",0.443434486165643,1.22681640088558,2
"718",1.00991646293551,-0.631515086628497,2
"719",0.916836951859295,-0.799839939922094,2
"720",1.04590212926269,-0.244955996051431,2
"721",0.847619231790304,-1.02649406157434,2
"722",0.396767873317003,-1.19638253375888,2
"723",1.25343027245253,0.216383406892419,2
"724",1.05162312369794,-0.640897078439593,2
"725",0.943238966166973,-1.00373284053057,2
"726",1.0840141614899,0.215907583013177,2
"727",0.583697482943535,0.912342113442719,2
"728",0.924983630888164,-0.390696148388088,2
"729",0.795762439258397,-1.13332395534962,2
"730",0.958587315864861,-0.604305600747466,2
"731",0.248830082826316,0.988847548142076,2
"732",0.903279483318329,-1.08040482457727,2
"733",0.3036382580176,1.24423808325082,2
"734",1.23011687025428,0.363530012778938,2
"735",1.01852224208415,0.762894565239549,2
"736",0.22356594260782,-1.1906323749572,2
"737",0.669357700273395,-0.993687831796706,2
"738",1.08559613209218,-0.0835269540548325,2
"739",0.868709465488791,0.777753545902669,2
"740",0.203898849897087,1.21863634698093,2
"741",0.295544190332294,1.37429919745773,2
"742",0.0398407997563481,-1.22284879162908,2
"743",0.918521964922547,-0.928931231610477,2
"744",0.721712245605886,1.12007460650057,2
"745",1.1142669050023,0.785245555453002,2
"746",0.806409019045532,0.900476513430476,2
"747",0.675639190711081,-1.20093727111816,2
"748",0.0545366182923317,1.09595955908298,2
"749",0.405872796662152,-1.20144741330296,2
"750",1.11414884962142,-0.522947601042688,2
"751",0.0222408287227154,-1.21292471140623,2
"752",0.959122858941555,-0.70065656863153,2
"753",1.36450759228319,0.249831162393093,2
"754",1.12759371753782,0.134993114508688,2
"755",0.731818952597678,0.731903669424355,2
"756",0.170436344109476,-1.18568017706275,2
"757",0.631670246832073,-1.22919310536236,2
"758",0.995029332116246,-0.491629985161126,2
"759",1.25815155822784,0.248357278294861,2
"760",0.202695882879198,1.23706784937531,2
"761",0.46216790843755,-1.25134605076164,2
"762",0.330323984846473,0.945282877422869,2
"763",0.907928768545389,0.710330604575574,2
"764",0.369516535662115,1.25146295689046,2
"765",0.987205576151609,0.394750765524805,2
"766",0.171596817672253,1.29915496334434,2
"767",0.465004306286573,1.08818417787552,2
"768",0.719152085483074,-0.989971613511443,2
"769",0.0348500777035952,-1.40692675765604,2
"770",0.50439793150872,-1.00531738903373,2
"771",0.240339030511677,-1.02492037694901,2
"772",0.910711711272597,-0.49282709043473,2
"773",0.263155600056052,-1.02180175296962,2
"774",1.07551632262766,-0.666023675352335,2
"775",0.817529422231019,0.649216625839472,2
"776",1.03845233377069,-0.184059167280793,2
"777",0.923795732669532,1.05148167163134,2
"778",0.605477033182979,1.22339797578752,2
"779",0.580943065695465,1.07262293342501,2
"780",1.00272010546178,-0.212588761933148,2
"781",1.23726318404078,-0.494785900227726,2
"782",0.729035541415215,0.721013527363539,2
"783",0.574148095212877,-0.93271392211318,2
"784",0.496590444818139,-1.02998066321015,2
"785",0.379637309350073,-1.34734226856381,2
"786",1.058707841672,0.873086098581553,2
"787",1.02578820940107,0.358937839977443,2
"788",0.571629669517279,1.08983407728374,2
"789",0.0392576241865754,1.40021483507007,2
"790",1.22797157708555,0.368376028724015,2
"791",1.06674596481025,0.877294325269759,2
"792",0.915172738954425,-1.01122623309493,2
"793",1.29390115942806,-0.189080853946507,2
"794",0.916116434149444,-0.515540172345936,2
"795",0.211398460902274,-1.31879990920424,2
"796",0.0858007352799177,-1.29408096708357,2
"797",1.27913050260395,-0.106445631943643,2
"798",1.3861319469288,0.264046483673155,2
"799",0.347538561560214,1.15428915061057,2
"800",0.403347712941468,-1.2584697175771,2
"801",1.30537671968341,0.00491590984165668,2
"802",0.809489205479622,-1.03623756859452,2
"803",1.33492408320308,0.17870370298624,2
"804",0.669802987016737,0.922988002188504,2
"805",1.05430740211159,0.329914625734091,2
"806",1.03639124240726,0.337620737031102,2
"807",1.22763886023313,0.099049904383719,2
"808",0.472637957893312,-1.22960222419351,2
"809",0.987302355468273,0.762077439576387,2
"810",0.818104854784906,-0.88630863558501,2
"811",0.987683934159577,-0.928860396146774,2
"812",0.447265635244548,-1.13176618609577,2
"813",1.22677163686603,-0.600788893178105,2
"814",1.11513501964509,0.0302656879648566,2
"815",1.26859072595835,0.295400583185256,2
"816",0.52745570614934,1.12168567348272,2
"817",1.15228613745421,-0.188268165104091,2
"818",1.03354832157493,0.603352315723896,2
"819",1.24230396468192,0.102555124089122,2
"820",1.11154742632061,-0.473307627253234,2
"821",0.428442593663931,1.16465728729963,2
"822",0.0624005831778049,-1.00023647304624,2
"823",1.34066452365369,-0.0801788885146379,2
"824",1.09630313329399,-0.317544168792665,2
"825",1.14820131193846,0.761509729549289,2
"826",0.786841372959316,-0.706876186653972,2
"827",1.15250032767653,-0.318931792862713,2
"828",0.709566875360906,-0.96270405035466,2
"829",0.590867675840855,-0.986812245100737,2
"830",1.15943735837936,0.263721369206905,2
"831",1.23157546762377,0.640225538983941,2
"832",0.320750159211457,1.26706896815449,2
"833",0.933788069523871,-0.831270980648696,2
"834",0.456281185150146,-1.00890106428415,2
"835",1.07890003267676,-0.0842756433412433,2
"836",1.08812033385038,-0.557569328695536,2
"837",0.933891110122204,-0.850238517858088,2
"838",1.25758024863899,-0.576441158540547,2
"839",0.615119466558099,1.08194948360324,2
"840",0.632454700767994,-1.10487957112491,2
"841",0.0537062473595142,-1.18565904628485,2
"842",0.836207036860287,0.981603879481554,2
"843",1.23173155263066,-0.503941674716771,2
"844",0.787313061766326,-0.966532930731773,2
"845",1.16412600036711,-0.60845369938761,2
"846",0.758485313504934,1.10495188087225,2
"847",1.33324924763292,0.130403257906437,2
"848",0.0261094952002168,-1.16759176831692,2
"849",0.991885609924793,0.729287991300225,2
"850",0.889500721357763,-0.611810491420329,2
"851",0.315083193592727,1.30001079943031,2
"852",0.0440185088664293,1.36378220561892,2
"853",0.491654770448804,-1.03154782392085,2
"854",0.855856939218938,-0.530569939874113,2
"855",0.199606960639358,1.35608173720539,2
"856",0.977548260241747,-0.268580086529255,2
"857",0.534015633165836,1.12292349897325,2
"858",1.0975307719782,-0.810572589747608,2
"859",0.362486612051725,-1.07726413849741,2
"860",1.02227567695081,-0.867493951693177,2
"861",1.02528631873429,-0.328995982185006,2
"862",1.1553195072338,-0.408937256783247,2
"863",1.30052680708468,-0.21619588881731,2
"864",1.11434340849519,-0.762925836257637,2
"865",0.684267385862768,-0.988971905782819,2
"866",0.305366512387991,-1.37249696813524,2
"867",0.471584144048393,0.891054042614996,2
"868",0.244376111775637,1.02574440091848,2
"869",1.68542994186282,1.32219394436106,3
"870",0.231058087665588,2.0931233279407,3
"871",0.857922127470374,1.63078751647845,3
"872",1.78445257479325,-0.0188186927698553,3
"873",1.74961164128035,0.564223777037114,3
"874",0.865357930306345,-1.7815094650723,3
"875",1.59171827603132,-0.928447225596756,3
"876",1.86795579036698,-0.406889917794615,3
"877",0.298752307426184,-1.78553291363642,3
"878",1.2607711344026,-1.74194687046111,3
"879",1.12392315408215,-1.71383660286665,3
"880",1.46354318829253,-0.952016247902066,3
"881",2.00585324782878,0.923717147670686,3
"882",2.03579049790278,0.779921384528279,3
"883",1.59412316279486,1.38291075825691,3
"884",2.05282524693757,0.756414332427084,3
"885",1.55658369185403,0.899641397409141,3
"886",1.8595565087162,-0.981901353225112,3
"887",0.763964874204248,1.81536984164268,3
"888",1.25401163939387,-1.64482479915023,3
"889",1.02413452696055,1.44969661720097,3
"890",0.440808532293886,-1.73264549346641,3
"891",0.873998196329921,1.95285227848217,3
"892",1.51879238430411,-1.365154129453,3
"893",1.42421555938199,-1.10523453215137,3
"894",0.829001669771969,1.53251235606149,3
"895",1.5509581938386,1.0202375636436,3
"896",1.10636133700609,1.52711047790945,3
"897",0.596680962480605,1.63197403540835,3
"898",1.82313174940646,-0.26858247583732,3
"899",0.449957957025617,2.10742739960551,3
"900",0.162963005714118,-1.76361246500164,3
"901",1.16659549530596,1.45116568310186,3
"902",0.862220136914402,-2.06265298649669,3
"903",0.530797517858446,2.093859273009,3
"904",0.977355663198978,-1.58922503935173,3
"905",1.68525168672204,1.01928545162082,3
"906",1.68598507065326,-0.71255421731621,3
"907",1.73898209817708,-0.434512228239328,3
"908",1.94340322166681,0.232766137924045,3
"909",0.175840363372117,1.73213425092399,3
"910",0.596586221363395,1.89417347311974,3
"911",1.95585819426924,-0.285491573158652,3
"912",0.774768311530352,1.9558732630685,3
"913",0.836638216860592,-1.66575340554118,3
"914",1.5610803803429,0.86044910363853,3
"915",1.97978626238182,0.811413105111569,3
"916",1.6910973796621,-0.985571481287479,3
"917",0.0119832856580615,1.96821144083515,3
"918",1.06765446718782,-1.72900557052344,3
"919",0.216807783581316,-1.73368214629591,3
"920",0.0191716384142637,2.03592558391392,3
"921",1.80521963397041,-0.94655818073079,3
"922",1.27524121897295,1.37125911191106,3
"923",0.926064525265247,1.98891054838896,3
"924",1.23360258061439,1.72590233385563,3
"925",0.558460999745876,-1.78171896142885,3
"926",1.05279880808666,-1.51605235645548,3
"927",0.279271379113197,-2.07615366671234,3
"928",2.1838790201582,-0.270819242578,3
"929",1.86949955997989,-0.600097426213324,3
"930",2.03786221565679,-0.188565093558282,3
"931",1.57421357696876,-1.11137422500178,3
"932",1.39362717745826,1.34032842703164,3
"933",0.505050069186836,-1.74749485217035,3
"934",2.0734434411861,-0.750600714236498,3
"935",0.712248706258833,1.81600963696837,3
"936",0.167964608408511,-1.94000906543806,3
"937",1.73473151167855,0.946633312851191,3
"938",2.04661884112284,0.52327073412016,3
"939",1.06702171964571,1.75695220008492,3
"940",1.97125756880268,0.0412449357099831,3
"941",1.54143532039598,-0.872405904810876,3
"942",1.92765679676086,0.505314436741173,3
"943",1.5405240864493,1.49054382927716,3
"944",1.19169021956623,1.82966921245679,3
"945",1.42482205992565,1.6931319469586,3
"946",1.75644993083552,1.19942312128842,3
"947",1.59372072201222,0.781797340605408,3
"948",1.70105744618922,-0.603929131757468,3
"949",0.707283930387348,1.79866588674486,3
"950",0.214798250235617,1.80814229184762,3
"951",1.76282224245369,-0.735678137280047,3
"952",0.199701804667711,-1.96819187141955,3
"953",1.4750884193927,-0.96173404250294,3
"954",0.0998863042332232,-1.7752330750227,3
"955",2.15781719889492,0.169762342702597,3
"956",0.5717734224163,-2.09164114203304,3
"957",1.9415075937286,0.0921554071828723,3
"958",2.09368682466447,0.384266562759876,3
"959",1.73045807750896,-0.528640255797654,3
"960",0.811534663662314,1.70466312905774,3
"961",2.17098345747218,0.420431331731379,3
"962",1.47317727096379,-1.25518271001056,3
"963",0.686850741039962,1.78616213612258,3
"964",1.74641794757918,-0.259124382864684,3
"965",0.633625111076981,-1.78869469324127,3
"966",1.91784434020519,0.0743044796399772,3
"967",1.06491637881845,1.94732956355438,3
"968",1.28254817333072,-1.21889693429694,3
"969",1.05227907421067,-1.72594747971743,3
"970",1.72578956466168,1.15899469237775,3
"971",1.74021624727175,-1.23129429994151,3
"972",0.687759122811258,-2.07952035591006,3
"973",0.847426122054458,1.52046728646383,3
"974",1.77067070268095,-0.860096265096217,3
"975",0.0112800253555179,1.75789531553164,3
"976",1.79789093555883,-1.24716099817306,3
"977",2.02893611043692,-0.705425140913576,3
"978",1.08238455373794,-1.77085975883529,3
"979",0.0545601407065988,-2.17416636878625,3
"980",1.24005171237513,1.44833185244352,3
"981",1.24974346254021,-1.44829315599054,3
"982",0.758560413960367,1.6833307640627,3
"983",1.5418962831609,-1.23410858446732,3
"984",0.31338726868853,-2.1663922467269,3
"985",0.0749825802631676,2.0700645307079,3
"986",1.76100888056681,0.155494415666908,3
"987",0.237314014229923,1.88217632006854,3
"988",2.06742775626481,0.206600469537079,3
"989",1.7103708232753,-1.01706631015986,3
"990",1.93267410155386,0.476937850471586,3
"991",1.86144246254116,-1.03612983599305,3
"992",1.03383724577725,1.56068751588464,3
"993",1.05967399198562,-1.95563214365393,3
"994",1.61305708810687,-1.33753536036238,3
"995",1.02718429872766,-1.44273714162409,3
"996",0.275332781020552,-2.18554967548698,3
"997",0.146745843812823,-1.79457993013784,3
"998",1.99324201559648,-0.812156617175788,3
"999",2.06464710179716,-0.486873094923794,3
"1000",1.89062976511195,-0.986184268258512,3
"1001",0.73619325645268,-1.98248543776572,3
"1002",1.94080956280231,0.0580999255180359,3
"1003",0.727149550803006,-1.95055997231975,3
"1004",0.869688896927983,1.80331392679363,3
"1005",1.35012905811891,-1.1822294886224,3
"1006",1.1480273026973,1.84009757591411,3
"1007",2.17062448849902,-0.286018017213792,3
"1008",2.02239219564945,-0.889163764659315,3
"1009",2.05111493822187,0.425019762478769,3
"1010",1.56711830291897,1.04723348049447,3
"1011",1.82668435620144,-0.903283366933465,3
"1012",1.48083820007741,1.44322954583913,3
"1013",0.940970366355032,-1.69743398437276,3
"1014",0.86844117147848,-1.72932856716216,3
"1015",0.204546849709004,-2.00461774133146,3
"1016",0.662335259839892,-1.88861085800454,3
"1017",1.60968409385532,-1.46990312961861,3
"1018",1.79615920642391,-0.33055272186175,3
"1019",0.701863549184054,-2.03332206932828,3
"1020",1.56141785206273,0.855830570217222,3
"1021",0.581783743109554,1.7502799606882,3
"1022",1.67523299343884,-1.43679987639189,3
"1023",1.72508277464658,-0.392191817518324,3
"1024",0.156372238416225,1.98150172829628,3
"1025",2.05434429226443,-0.846202515531331,3
"1026",1.9637153041549,-0.263742846436799,3
"1027",0.551688235718757,-1.698267031461,3
"1028",2.10872530471534,0.186779799405485,3
"1029",0.0482375058345497,1.77649549208581,3
"1030",1.81784240994602,-1.29604209912941,3
"1031",1.41048782505095,1.04309407062829,3
"1032",0.0174346682615578,-2.17962484341115,3
"1033",0.70722495438531,-1.95800275309011,3
"1034",1.63749098079279,0.653368511702865,3
"1035",1.30362643394619,1.76498600514606,3
"1036",1.66471064323559,-1.17689766921103,3
"1037",1.07837114715949,-1.59629781031981,3
"1038",1.13545908825472,-1.84972948161885,3
"1039",0.517136550042778,-1.88827280886471,3
"1040",1.83783015469089,0.569403036497533,3
"1041",0.604719221591949,-1.80792965460569,3
"1042",1.07232768787071,1.87128870980814,3
"1043",0.249202393461019,-2.09104283712804,3
"1044",1.82449215557426,-0.545592396520078,3
"1045",1.63898181635886,0.700298605952412,3
"1046",1.68164017144591,-0.715465976390988,3
"1047",1.33632194716483,-1.10304588684812,3
"1048",1.92891109734774,0.732543258927763,3
"1049",0.796888212207705,-1.70000423910096,3
"1050",0.703666408080608,1.87134973006323,3
"1051",1.79531851317734,0.156643183436245,3
"1052",1.56131931580603,-0.808461802080274,3
"1053",1.55549415154383,1.57487654360011,3
"1054",1.32543473271653,-1.46634627366439,3
"1055",1.48762113880366,-1.26694762846455,3
"1056",2.05638373969123,-0.338356923311949,3
"1057",1.93711697123945,-0.962769601028413,3
"1058",1.80449573788792,0.655479831621051,3
"1059",1.32209450704977,-1.78598402068019,3
"1060",1.83030668878928,1.11090991646051,3
"1061",0.197857329621911,1.75168310757726,3
"1062",1.37466274434701,-1.1280866083689,3
"1063",1.56373970676214,1.37238504830748,3
"1064",2.01175604946911,-0.063885198906064,3
"1065",1.01897214539349,-1.8179946905002,3
"1066",1.74791826168075,0.28154962696135,3
"1067",2.22886021481827,-0.140947876498103,3
"1068",1.27227641642094,-1.58111722907051,3
"1069",1.53423407115042,-1.09286518068984,3
"1070",1.19538058992475,-1.75571219529957,3
"1071",0.650309247430414,1.73132807947695,3
"1072",2.16605995083228,0.0367519957944751,3
"1073",1.93481975467876,0.766732988413423,3
"1074",1.7262012604624,0.404861394781619,3
"1075",1.85629062820226,-0.598368598148227,3
"1076",0.399013452697545,-2.17934546293691,3
"1077",2.06839018268511,-0.0129875238053501,3
"1078",1.21737454086542,1.36510987300426,3
"1079",1.09345367411152,1.59586623543873,3
"1080",1.48724754806608,1.34719994384795,3
"1081",0.908312438987195,2.00507239438593,3
"1082",1.26930986763909,1.71840348746628,3
"1083",2.05368808936328,-0.240329441148788,3
"1084",1.8716358859092,0.888896472752094,3
"1085",1.80346860550344,0.566221056506038,3
"1086",1.79806583793834,-0.936326531227678,3
"1087",1.75188589375466,-0.998703653458506,3
"1088",1.89159035449848,-0.499642565846443,3
"1089",0.0725385546684265,1.95066576357931,3
"1090",1.7423079512082,0.691486515570432,3
"1091",1.8232322530821,0.71248373715207,3
"1092",1.80313752032816,-0.747656719759107,3
"1093",1.17839242797345,1.66397060500458,3
"1094",0.631849216297269,1.87394900014624,3
"1095",2.15307998470962,0.115418385248631,3
"1096",1.68309588683769,0.628855505492538,3
"1097",1.25885571353137,-1.72473859740421,3
"1098",1.27287372015417,-1.45095894811675,3
"1099",0.453275153413415,-1.74236377468333,3
"1100",1.42374647548422,1.60356138134375,3
"1101",1.81434800848365,-0.951417514588684,3
"1102",2.08794926060364,0.664672125130892,3
"1103",1.83026767103001,0.0834490428678691,3
"1104",0.405395783018321,-2.06031363224611,3
"1105",0.313199597876519,1.89446547068655,3
"1106",0.531015426386148,-1.87638176605105,3
"1107",0.7131516514346,-2.04313099849969,3
"1108",1.29069276386872,1.70529218390584,3
"1109",1.95687373401597,-0.153748570010066,3
"1110",0.405206072609872,2.00694762170315,3
"1111",1.13197271712124,-1.52055229526013,3
"1112",2.16305815381929,0.448194206692278,3
"1113",0.644210441969335,-1.96303638163954,3
"1114",1.47383284056559,1.51045589474961,3
"1115",1.22724493267015,-1.31425504339859,3
"1116",1.10016498481855,-1.3473023660481,3
"1117",1.37056212406605,1.60923287505284,3
"1118",1.90487331477925,0.666179156396538,3
"1119",1.98362373979762,0.62787985894829,3
"1120",2.04471249133348,0.315727598499507,3
"1121",0.229648561216891,1.84412296162918,3
"1122",1.11378610366955,-1.54757374199107,3
"1123",0.809865384362638,1.89704973716289,3
"1124",0.42134071001783,1.97170435450971,3
"1125",0.607481228653342,-2.00310086365789,3
"1126",1.13034869078547,1.44377591321245,3
"1127",1.40975818037987,1.29307949682698,3
"1128",1.02645216975361,-1.87014225870371,3
"1129",0.915997631382197,-1.90410915296525,3
"1130",1.69908811105415,1.14277940709144,3
"1131",0.998315992765129,1.82479970157146,3
"1132",0.534366057254374,-1.76743319025263,3
"1133",1.76133373519406,-0.0516906869597733,3
"1134",1.10984491417184,-1.51698065223172,3
"1135",0.151615992654115,-2.1239972114563,3
"1136",1.71319851651788,1.20700761675835,3
"1137",1.46639369428158,-1.34675437584519,3
"1138",1.52324702823535,-1.23656986048445,3
"1139",1.57330210786313,-1.10802091890946,3
"1140",0.17904287436977,-1.94210586603731,3
"1141",0.586036583408713,-2.07352349534631,3
"1142",1.63589121308178,1.11747270449996,3
"1143",0.773479861672968,-1.79242965765297,3
"1144",0.933477464132011,-1.54665640322492,3
"1145",1.47679704939947,1.51609919965267,3
"1146",0.838315787259489,1.67921001557261,3
"1147",1.53547739144415,-1.39348361873999,3
"1148",0.723110968247056,-2.06829963251948,3
"1149",1.3700835686177,-1.48833600571379,3
"1150",2.10660945856944,-0.214145053178072,3
"1151",1.84603771893308,0.234571499750018,3
"1152",0.336014351341873,-2.02098731184378,3
"1153",1.04224709095433,1.91416040761396,3
"1154",1.99965070933104,0.284398898947984,3
"1155",1.01635336177424,1.80353203322738,3
"1156",1.46467661950737,1.45944902673364,3
"1157",1.66057825088501,0.525182457640767,3
"1158",1.95738093927503,0.777333036530763,3
"1159",2.11707145208493,-0.225564986467361,3
"1160",0.671689209993929,-1.85513264266774,3
"1161",0.4918103502132,-1.89734617946669,3
"1162",1.682188664563,-0.638079270720482,3
"1163",1.83019606862217,0.474460539408028,3
"1164",1.20932329911739,1.67154892813414,3
"1165",1.63438130402938,0.911832123529166,3
"1166",1.62755082827061,-1.37915649684146,3
"1167",1.83157117571682,-1.26814771210775,3
"1168",1.21457987232134,1.61884456640109,3
"1169",1.59298608079553,1.38843113789335,3
"1170",1.72273927601054,0.314486771821976,3
"1171",0.405011877883226,1.83112294878811,3
"1172",1.52112206444144,-1.16986426757649,3
"1173",0.237759633455426,-1.9688085373491,3
"1174",1.41326026758179,-1.48830704158172,3
"1175",1.81584311183542,1.18388489121571,3
"1176",2.08808019990101,-0.00757567351683974,3
"1177",0.0051516224630177,-2.10578339872882,3
"1178",1.63462953642011,0.796440890990198,3
"1179",1.04592275572941,-1.45241934573278,3
"1180",1.52159916236997,1.01578019559383,3
"1181",0.874055959284306,-1.50252148276195,3
"1182",0.405575425829738,-1.71667659422383,3
"1183",1.44894645782188,-1.03061084635556,3
"1184",0.838462305255234,2.07200564909726,3
"1185",2.12723469361663,0.466887264046818,3
"1186",1.38966296100989,1.42874029232189,3
"1187",1.56092981807888,-0.989239001646638,3
"1188",1.47347095655277,-1.54121726751328,3
"1189",1.95227028336376,-1.04294676100835,3
"1190",0.786194249521941,1.64459750987589,3
"1191",0.694915605708957,2.06720035988837,3
"1192",1.36385396355763,1.32622251054272,3
"1193",0.599812821019441,1.6426752298139,3
"1194",1.10848493641242,1.56264609191567,3
"1195",1.69810574967414,-1.195364871528,3
"1196",0.920422559138387,-1.61570816766471,3
"1197",1.16527289850637,1.76001036074013,3
"1198",0.00928833615034819,1.91074002999812,3
"1199",1.84710563858971,-1.23187461867929,3
"1200",0.367636561859399,-2.13712597033009,3
"1201",0.854985581245273,-1.69878978515044,3
"1202",1.81057031732053,0.930456533096731,3
"1203",0.124961617402732,-1.91560805076733,3
"1204",1.7041342635639,1.11962087918073,3
"1205",1.86810415936634,0.634577458258718,3
"1206",1.97002336615697,-0.763844479806721,3
"1207",1.46155465627089,-1.16826238809153,3
"1208",1.6900123283267,-0.642036858480424,3
"1209",1.16210042033345,-1.37181232217699,3
"1210",0.916592329740524,1.97361426893622,3
"1211",1.83146946365014,-0.978869891259819,3
"1212",1.96479014586657,0.80785027705133,3
"1213",1.61972068250179,-1.45829304587096,3
"1214",2.14716860791668,-0.341398222371936,3
"1215",0.798003855161369,1.67752944864333,3
"1216",1.10487586120144,1.62035550223663,3
"1217",1.37950049713254,1.36985627003014,3
"1218",1.35725861182436,1.40720088966191,3
"1219",0.642922117840499,2.01154709095135,3
"1220",1.84696127893403,-0.372001631185412,3
"1221",1.7641767533496,-0.532248064409941,3
"1222",1.34947241982445,-1.62507211323828,3
"1223",2.05462155165151,0.409516342915595,3
"1224",1.64369974285364,-0.981283541768789,3
"1225",0.825908309780061,-1.88162920530885,3
"1226",0.488434080034494,2.04924342455342,3
"1227",1.96851301239803,-1.03269094135612,3
"1228",1.17345766630024,1.60903325304389,3
"1229",1.91712658619508,-1.03373527061194,3
"1230",2.01685373904184,-0.35415013320744,3
"1231",1.71333526726812,-1.39973974321038,3
"1232",1.79041898576543,0.588863515295088,3
"1233",1.36941162636504,1.32393155479804,3
"1234",0.323167524766177,-1.94066386437044,3
"1235",0.414816907141358,-1.76705022575334,3
"1236",1.01595808984712,1.44663040759042,3
"1237",0.466722908895463,-1.93398511502892,3
"1238",0.663982979021966,1.71866078395396,3
"1239",0.352223324589431,-1.94796358700842,3
"1240",1.93253972334787,0.796826740261167,3
"1241",1.71259110793471,-0.624201779719442,3
"1242",0.972415853757411,2.00872704619542,3
"1243",1.76634487230331,-1.24983393820003,3
"1244",0.57678896933794,1.80296656442806,3
"1245",2.10624658036977,0.273416086565703,3
"1246",0.548712720628828,2.04979614121839,3
"1247",0.712655012030154,1.92577691283077,3
"1248",0.994712661486119,1.79352866951376,3
"1249",0.887762543279678,-1.81418455438688,3
"1250",1.08473827596754,1.56333878869191,3
"1251",1.35692856973037,1.47199518978596,3
"1252",0.306268930435181,-1.79022895405069,3
"1253",0.786067540757358,-1.65937483310699,3
"1254",1.43366513773799,-1.16171025438234,3
"1255",2.0370071195066,-0.366031292360276,3
"1256",1.25294354744256,-1.7479232698679,3
"1257",1.45902157761157,1.56489690765738,3
"1258",2.03613424906507,0.447310195304453,3
"1259",1.35475036222488,1.55506257899106,3
"1260",0.875657387077808,1.97762022260576,3
"1261",1.39445119304582,-1.57869620714337,3
"1262",1.93767318269238,-0.748429829254746,3
"1263",1.93154390901327,-0.535994460806251,3
"1264",0.0441400171257555,2.02687795739621,3
"1265",1.66621543001384,1.2544314051047,3
"1266",0.701907200273126,2.01145517406985,3
"1267",1.74674428300932,0.199602430220693,3
"1268",0.42553739156574,1.95054401177913,3
"1269",0.870798020623624,1.89551001181826,3
"1270",0.964483821298927,-1.59506105119362,3
"1271",1.61638653138652,-0.979008367285132,3
"1272",1.61642720457166,1.4725451823324,3
"1273",1.36494161328301,-1.71691345982254,3
"1274",0.630652750842273,-1.88703997759148,3
"1275",1.88948763301596,0.660297290887684,3
"1276",1.70216122176498,0.518372196238488,3
"1277",0.126120089553297,-1.92835981957614,3
"1278",1.66015236871317,-1.10166928963736,3
"1279",2.13404178619385,0.42772424640134,3
"1280",0.460990541614592,2.04004007624462,3
"1281",1.77110261516646,-0.0302499509416521,3
"1282",0.17333643278107,2.08890258334577,3
"1283",0.284778387285769,-1.82357889600098,3
"1284",2.03160755336285,0.586856424342841,3
"1285",1.80381965590641,-0.100433193147182,3
"1286",1.40717072878033,-1.08822311274707,3
"1287",2.14772429550067,0.175736367236823,3
"1288",1.17104024626315,1.46748962346464,3
"1289",1.55722915427759,-1.33104726206511,3
"1290",0.905406603123993,-1.87413892243057,3
"1291",1.76559534622356,0.67389422096312,3
"1292",0.406073553021997,1.69537080219015,3
"1293",1.72467307886109,-0.758492404129356,3
"1294",1.25892648706213,-1.34142815601081,3
"1295",1.57035581534728,-0.796940019354224,3
"1296",1.06735775945708,1.77933433325961,3
"1297",0.455396426841617,-2.12204669136554,3
"1298",1.0121148172766,1.90652405377477,3
"1299",2.0569275226444,-0.0625386345200241,3
"1300",1.30412951810285,1.52154933894053,3
"1301",1.91184542840347,-1.05500474339351,3
"1302",0.225797449238598,1.87208238989115,3
"1303",1.49469187250361,-1.28295144531876,3
"1304",0.837311011273414,-1.52342344168574,3
"1305",0.767100357916206,-2.09576265187934,3
"1306",1.94671859266236,-0.731197679415345,3
"1307",0.829621769953519,1.56478957971558,3
"1308",0.206874888390303,-2.04504603985697,3
"1309",1.43144906964153,-1.26193053089082,3
"1310",1.41278175171465,-1.10754891531542,3
"1311",1.65040496271104,1.43389395903796,3
"1312",2.00736085185781,-0.191799569875002,3
"1313",1.88329997239634,0.402391217648983,3
"1314",0.902805116493255,1.96474727708846,3
"1315",0.905002034269273,1.55079207383096,3
"1316",1.02547568501905,-1.93531949771568,3
"1317",1.82423658901826,-0.991974247153848,3
"1318",0.255814753472805,2.04682275652885,3
"1319",1.54822423821315,-0.887275575660169,3
"1320",1.13601304357871,-1.44248039694503,3
"1321",1.09925263095647,-1.60739564336836,3
"1322",2.1252908394672,0.0414436939172447,3
"1323",0.272425278089941,1.77578060422093,3
"1324",2.12927883956581,-0.261582462117076,3
"1325",0.840690350160003,-1.65548480814323,3
"1326",0.287536086980253,-1.98658016277477,3
"1327",0.0203774869441986,-1.93846188252792,3
"1328",1.36550697032362,1.32592584239319,3
"1329",1.09237150056288,-1.66707939933985,3
"1330",0.991744517814368,-1.55452328035608,3
"1331",1.745189006906,-0.812472528778017,3
"1332",0.303344901185483,-1.74923676764593,3
"1333",0.411175459157676,-1.76242967369035,3
"1334",1.73141150036827,-1.02167636156082,3
"1335",2.08949426887557,0.575397149659693,3
"1336",1.91048497101292,-0.6606535310857,3
"1337",1.91285317530856,0.438864403404295,3
"1338",0.491577556822449,2.01900736195967,3
"1339",0.713316148612648,1.75848694285378,3
"1340",1.62528090411797,-1.38583227759227,3
"1341",1.15316465497017,1.90620900830254,3
"1342",1.90333212027326,-1.08993944246322,3
"1343",1.33049061521888,-1.1487935250625,3
"1344",1.39479252742603,-1.62190784933046,3
"1345",0.263465729076415,-2.09090725984424,3
"1346",0.401434125378728,-1.94280683994293,3
"1347",1.18038331158459,1.87748238211498,3
"1348",1.63245179224759,0.767948613502085,3
"1349",1.99079954763874,-0.749825213570148,3
"1350",1.91418279893696,-0.895245408173651,3
"1351",1.76789596211165,-1.19605875108391,3
"1352",1.67436511488631,0.751366019248962,3
"1353",1.94354244275019,0.89566164650023,3
"1354",1.0312488139607,1.54035266721621,3
"1355",1.39786342624575,-1.62859049160033,3
"1356",0.209494177252054,-1.79401999339461,3
"1357",1.7467147205025,-1.18524987250566,3
"1358",1.79020259995013,-0.0643211812712252,3
"1359",2.02552730916068,-0.58775449404493,3
"1360",0.301443820353597,2.21227270085365,3
"1361",2.17886973870918,0.150171883869916,3
"1362",1.69090453535318,0.527832724619657,3
"1363",1.96660310728475,0.00817822059616446,3
"1364",1.25356884440407,1.77639205241576,3
"1365",0.562348798848689,-1.75631974590942,3
"1366",1.56661459244788,1.12253172090277,3
"1367",1.24354160157964,1.78203047718853,3
"1368",1.83142569381744,0.253199702128768,3
"1369",0.0146236224099994,-1.77441873820499,3
"1370",0.596262391190976,1.91930897766724,3
"1371",1.55826294329017,-1.26096195541322,3
"1372",1.15565625252202,1.47852964233607,3
"1373",0.184584693051875,2.16423947596923,3
"1374",1.71322355279699,0.362224590498954,3
"1375",1.69203049037606,0.423129252158105,3
"1376",1.923618465662,0.839673834852874,3
"1377",1.36463146656752,1.37324787909165,3
"1378",0.058728726580739,-2.21028338186443,3
"1379",1.91069150576368,1.06687648687512,3
"1380",1.21178762754425,-1.52661683503538,3
"1381",1.64566525490955,-0.579915400594473,3
"1382",1.42914437688887,-1.55343572143465,3
"1383",1.51721276575699,1.26124322181568,3
"1384",2.09231376647949,-0.293620487209409,3
"1385",1.98397487401962,-0.522632908541709,3
"1386",1.23074661940336,1.55469284392893,3
"1387",0.354426857084036,-1.91728851990774,3
"1388",0.481213792227209,1.99446761282161,3
"1389",1.47909111110494,-0.937729412689805,3
"1390",0.773629841860384,-2.07318569766358,3
"1391",2.06365622347221,-0.515086164232343,3
"1392",1.51131997117773,-1.28298044670373,3
"1393",1.02106436155736,1.58222611295059,3
"1394",1.95488173514605,-0.989595500286669,3
"1395",1.85279490426183,0.983361159451306,3
"1396",0.658020058181137,-1.8756605614908,3
"1397",0.955349067226052,1.86489493353292,3
"1398",1.31234373664483,-1.45663470961154,3
"1399",1.82373774936423,0.226028538309038,3
"1400",0.253371798899025,2.17776155564934,3
"1401",1.59742170479149,-0.788447130471468,3
"1402",1.84987588785589,-0.424289361108094,3
"1403",1.69911378528923,0.979602795559913,3
"1404",1.70889722881839,-0.885488975327462,3
"1405",2.14645744999871,0.453611551783979,3
"1406",1.96248977677897,-0.782794333063066,3
"1407",0.122512672096491,-1.7655122699216,3
"1408",0.500160993542522,-2.01030460651964,3
"1409",1.37738834135234,1.34620276745409,3
"1410",0.771835187915713,1.82354017859325,3
"1411",2.13037205860019,-0.417878918815404,3
"1412",1.91111425869167,-0.664577297866344,3
"1413",1.5462873596698,1.51625955011696,3
"1414",0.591710910666734,-1.7304949183017,3
"1415",0.811548249330372,1.60808657296002,3
"1416",1.0161057440564,1.94186224136502,3
"1417",1.25829086406156,1.51345459045842,3
"1418",1.2291766400449,1.37571779778227,3
"1419",1.00304069928825,-1.4421501592733,3
"1420",0.258369578514248,-2.03853365499526,3
"1421",1.72560835257173,-0.568974777124822,3
"1422",1.70737754786387,0.562557468656451,3
"1423",2.04591993475333,0.330153009854257,3
"1424",1.09668821329251,-1.72221651300788,3
"1425",2.01033450430259,0.880933534353971,3
"1426",0.126781798899174,-2.09123647073284,3
"1427",0.390247828327119,1.80480665527284,3
"1428",2.09555709501728,-0.494337154086679,3
"1429",1.97061517043039,-0.667656136211008,3
"1430",1.85285963118076,-0.199299803934991,3
"1431",0.57443686760962,2.13213005568832,3
"1432",1.60411370219663,1.29449308151379,3
"1433",0.198401480447501,2.06857285229489,3
"1434",1.98048706166446,-0.729805787559599,3
"1435",1.00290083093569,1.68452108744532,3
"1436",0.636699853930622,-1.93955760682002,3
"1437",1.92933538462967,0.0375854084268212,3
"1438",1.36413702974096,1.17722959257662,3
"1439",1.64422133937478,1.17119009140879,3
"1440",1.36700126575306,-1.54812348773703,3
"1441",1.07918869471177,1.52789675164968,3
"1442",0.0503212329931557,-1.96280321804807,3
"1443",2.19013660214841,-0.406194685492665,3
"1444",1.75868273014203,-0.194280203431845,3
"1445",0.26274107163772,-1.77791921421885,3
"1446",2.06650622654706,-0.0663504493422806,3
"1447",1.9338874751702,-0.0719771534204483,3
"1448",1.14396448014304,-1.36486188042909,3
"1449",1.93654484814033,0.811958361882716,3
"1450",1.87221150612459,1.2181797507219,3
"1451",1.54529416235164,-1.18730737827718,3
"1452",0.875894099008292,1.55590439215302,3
"1453",1.53859390411526,-1.33104023756459,3
"1454",0.787007694598287,-2.02304710401222,3
"1455",1.26345223980024,-1.27962557366118,3
"1456",1.5753172384575,-1.29331710282713,3
"1457",1.42378658056259,-1.65181196294725,3
"1458",0.647809877991676,-1.73284368822351,3
"1459",2.0733719994314,0.098103741183877,3
"1460",1.42605613684282,1.56364377122372,3
"1461",0.234225236345083,1.80427018087357,3
"1462",1.12426422536373,1.47526951273903,3
"1463",1.74540595151484,1.3151474436745,3
"1464",1.02379489922896,-1.42877116799355,3
"1465",1.89432409591973,0.628055441193283,3
"1466",1.66006126208231,-0.624268634710461,3
"1467",1.26673173159361,-1.34015245363116,3
"1468",0.68170762155205,-1.60769536858425,3
"1469",0.731294346041977,1.77035101223737,3
"1470",1.71999649144709,-1.20159448124468,3
"1471",0.984547736588866,-1.42584588844329,3
"1472",1.60147761460394,1.50162157369778,3
"1473",1.20955404359847,-1.72769742785022,3
"1474",1.39999829698354,1.25386293744668,3
"1475",0.948761634062976,-1.93767805350944,3
"1476",1.97254251688719,0.847221338190138,3
"1477",2.02050695894286,-0.441337053198367,3
"1478",1.63141042925417,1.12542544491589,3
"1479",1.32762118475512,-1.3081874512136,3
"1480",1.73126957844943,0.196652126032859,3
"1481",1.76298785256222,-1.25996187794954,3
"1482",2.08008207846433,0.11370227439329,3
"1483",1.79094995371997,0.328756780363619,3
"1484",0.143617265857756,-1.78572594188154,3
"1485",1.91776388790458,-0.441692108288407,3
"1486",1.17248981958255,1.89717645291239,3
"1487",0.473239533603191,1.94456699071452,3
"1488",1.34859005454928,-1.3753599836491,3
"1489",0.93675428070128,1.63645372260362,3
"1490",1.71467921929434,-0.439123900141567,3
"1491",0.117921177297831,1.98138000443578,3
"1492",2.04508571652696,-0.736538551282138,3
"1493",0.529266642406583,1.68695554835722,3
"1494",1.1239789891988,1.43861450720578,3
"1495",1.64731290657073,0.559302261099219,3
"1496",1.80197580251843,0.037651106249541,3
"1497",1.49988011922687,1.47683843504637,3
"1498",1.77893372252584,-1.12119871890172,3
"1499",1.61735410569236,1.25985387247056,3
"1500",1.36934734415263,-1.62594320019707,3
"1501",0.157713918015361,2.22408315166831,3
"1502",1.59028474939987,-1.08263605739921,3
"1503",1.65620893938467,1.00913939997554,3
"1504",1.84360074810684,-0.437241196632385,3
"1505",1.96093046339229,0.754022232722491,3
"1506",1.97155398549512,-0.119031157810241,3
"1507",1.12166283419356,1.7151626595296,3
"1508",0.694824217353016,1.87561894301325,3
"1509",1.72234330326319,-0.635632248595357,3
"1510",1.56995762372389,-1.29935814533383,3
"1511",0.687868224922568,-1.6422508074902,3
"1512",0.0473939930088818,-2.04578249249607,3
"1513",0.519169240724295,-1.67327112751082,3
"1514",0.566876146476716,1.92549201427028,3
"1515",1.65782921481878,-0.69131167139858,3
"1516",0.416756181512028,1.93552526878193,3
"1517",1.86211400665343,0.969853703863919,3
"1518",1.93311656825244,0.533685307018459,3
"1519",1.64850735804066,0.962748134043068,3
"1520",2.12630726397038,0.189571457449347,3
"1521",1.6146262222901,-1.31857973523438,3
"1522",2.22561025992036,0.0206308648921549,3
"1523",1.3680810527876,-1.76207838347182,3
"1524",1.99680229183286,0.0305152893997729,3
"1525",1.37570503400639,1.51085319695994,3
"1526",0.411899995524436,-1.94705795729533,3
"1527",1.19884841609746,1.85490384930745,3
"1528",1.97566759306937,0.130596281960607,3
"1529",1.93377828225493,0.401478600688279,3
"1530",0.917224439326674,-1.75434118835256,3
"1531",1.88312664628029,1.12272557336837,3
"1532",1.72815287252888,1.18001689901575,3
"1533",1.56960022170097,1.07026772107929,3
"1534",0.409509453456849,-1.75091512966901,3
"1535",0.933062026742846,-1.56292771454901,3
"1536",1.2089089024812,-1.25077473698184,3
"1537",0.888347337022424,-1.52705751825124,3
"1538",1.14100550767034,-1.46582504268736,3
"1539",1.74816731130704,-0.440425653941929,3
"1540",0.557419110555202,1.87304327497259,3
"1541",0.440417043864727,1.6968526574783,3
"1542",1.32019588723779,-1.77738523576409,3
"1543",0.439639342948794,1.8470004783012,3
"1544",1.97209245525301,0.0286132376641035,3
"1545",1.6574583761394,-0.927353429142386,3
"1546",1.89253626158461,-1.12479427363724,3
"1547",0.965327280573547,1.86951419571415,3
"1548",2.0080050593242,0.670795221813023,3
"1549",1.53898558346555,-0.971673384774476,3
"1550",1.98311364511028,0.338601560797542,3
"1551",1.97815829189494,-0.350760435685515,3
"1552",0.0243536732159555,-1.87997210305184,3
"1553",2.00195108540356,0.589588151779026,3
"1554",1.4420981449075,-1.31638046586886,3
"1555",0.966744660399854,1.88517189584672,3
"1556",1.991129105445,-0.164186886977404,3
"1557",0.00965459039434791,1.87341209268197,3
"1558",1.28314829198644,-1.29071205621585,3
"1559",1.79465126013383,0.442712157964706,3
"1560",1.19842341169715,1.6838614246808,3
"1561",0.57883252389729,-2.09610913181677,3
"1562",1.21110315900296,1.74942646175623,3
"1563",1.7407861398533,-0.202981196343899,3
"1564",0.914462946821004,1.496491599828,3
"1565",1.39785490231588,-1.41994499135762,3
"1566",0.527260669041425,-2.09080576896667,3
"1567",1.6423288686201,-0.835531521588564,3
"1568",1.78212177706882,-0.650861822068691,3
"1569",1.67301582871005,0.456427906174213,3
"1570",1.49963331175968,-1.55869574984536,3
"1571",0.29516204027459,-1.93762154318392,3
"1572",0.548921611625701,2.05284308642149,3
"1573",1.00397903705016,-1.54710632283241,3
"1574",1.87468388816342,0.0575040862895548,3
"1575",1.0868980246596,-1.8483667075634,3
"1576",0.423689903691411,-2.02906818361953,3
"1577",1.87645616475493,1.0179654089734,3
"1578",0.687680726405233,1.82175488909706,3
"1579",0.655681313946843,-1.86875166138634,3
"1580",2.22480001626536,0.0453241867944598,3
"1581",1.76345285959542,-0.993544685188681,3
"1582",0.130230968352407,2.07947660936043,3
"1583",1.80823475355282,0.530042131431401,3
"1584",1.09833504306152,-1.77246058592573,3
"1585",1.96149646071717,0.0503394566476345,3
"1586",1.0198923619464,-1.85702894581482,3
"1587",0.605211276561022,1.95707360515371,3
"1588",1.10602598404512,1.92665611859411,3
"1589",0.0918291951529682,2.04633057117462,3
"1590",1.73839433118701,1.19386499747634,3
"1591",2.14554259553552,0.223533178213984,3
"1592",0.977577734738588,1.68865798972547,3
"1593",1.57223413232714,1.12164198188111,3
"1594",1.93009506445378,0.169211390893906,3
"1595",1.24576473375782,-1.59163996344432,3
"1596",0.424283556640148,1.76506803371012,3
"1597",1.2060530250892,-1.54436430195346,3
"1598",1.00137177854776,-1.50590242585167,3
"1599",1.73368774121627,0.819504496175796,3
"1600",0.118366947863251,-1.99570192256942,3
"1601",0.734099268447608,1.69393046060577,3
"1602",1.92235631169751,0.637998420279473,3
"1603",0.00608741538599133,-2.19934422057122,3
"1604",1.53182954527438,-1.03571908781305,3
"1605",1.7731972807087,-0.692769722081721,3
"1606",1.85079266550019,0.490870452485979,3
"1607",2.13857418857515,-0.230918799061328,3
"1608",0.22547452012077,1.92864381708205,3
"1609",1.84094027848914,0.0179598061367869,3
"1610",0.412369654513896,-1.90005570650101,3
"1611",1.41606336226687,1.47156511433423,3
"1612",1.52292172657326,-1.47720644483343,3
"1613",0.565987916197628,1.91164632793516,3
"1614",2.02024433063343,-0.0150071294046938,3
"1615",1.42097662901506,1.00086680846289,3
"1616",1.6990019287914,-0.481551848351955,3
"1617",1.98702541179955,0.752834887243807,3
"1618",2.16382852755487,-0.539616460446268,3
"1619",0.661531747318804,-1.83917012065649,3
"1620",0.275601493194699,-2.04714317573234,3
"1621",1.97402470279485,0.390353489201516,3
"1622",1.31277904147282,-1.23918534489349,3
"1623",2.04535377211869,-0.243669622577727,3
"1624",1.75412808079273,1.07494513038546,3
"1625",2.03425467247143,0.712201888673007,3
"1626",1.41345601528883,-1.28563691861928,3
"1627",1.67786313220859,-1.4413406397216,3
"1628",1.04917980264872,1.79917958099395,3
"1629",1.24120931373909,-1.82547284523025,3
"1630",1.99895162601024,-0.423156549222767,3
"1631",2.11719246581197,0.541724774520844,3
"1632",1.68472810415551,-0.967574240639806,3
"1633",2.1394450077787,-0.305079899262637,3
"1634",1.72262786189094,0.37955709034577,3
"1635",0.990978740155697,-1.69094372773543,3
"1636",1.1781949410215,-1.6586682246998,3
"1637",0.161124051082879,2.10626052226871,3
"1638",1.04882618412375,-1.8495919322595,3
"1639",1.03097515180707,1.67109864531085,3
"1640",1.62684492534027,1.27971680369228,3
"1641",0.179124884307384,-1.93721624091268,3
"1642",2.09448791574687,0.0617526867426932,3
"1643",1.00502036046237,-1.91991111496463,3
"1644",1.7840709653683,0.374211084563285,3
"1645",2.13142223423347,0.154229204636067,3
"1646",1.73093745484948,-0.792455445043743,3
"1647",0.286142884287983,-1.98336419649422,3
"1648",1.95601714774966,-0.527905144263059,3
"1649",1.98793485527858,-0.907429370563477,3
"1650",1.70924427453429,0.521954339928925,3
"1651",1.05532665736973,1.55418964801356,3
"1652",1.44864405272529,1.38467529788613,3
"1653",0.204902701079845,1.8506397260353,3
"1654",0.750842250417918,-1.68462621979415,3
"1655",1.57589044887573,-1.54255994129926,3
"1656",2.01921890722588,-0.207657753489912,3
"1657",1.23402272118255,1.40458100475371,3
"1658",1.51309505337849,-1.49866619613022,3
"1659",2.17922018375248,-0.352781026158482,3
"1660",1.71146342065185,-1.31307971663773,3
"1661",2.1007006871514,0.66437681671232,3
"1662",1.22905240859836,1.75288077676669,3
"1663",1.86716399388388,0.768392088357359,3
"1664",0.750109648797661,-1.73318650340661,3
"1665",0.0976998335681856,1.83305958285928,3
"1666",1.56465101754293,1.57685821643099,3
"1667",1.0733277304098,-1.38885170221329,3
"1668",1.61046572262421,1.04891432216391,3
"1669",1.81970921577886,-0.412257008720189,3
"1670",0.330432804767042,1.77702819928527,3
"1671",2.08227417664602,-0.21142843645066,3
"1672",0.155906693544239,-2.00913787120953,3
"1673",1.5387062379159,1.32576050236821,3
"1674",2.10991787724197,-0.0971435033716261,3
"1675",0.178245906718075,2.16543772723526,3
"1676",0.21740066120401,-1.90488154068589,3
"1677",0.496940214652568,1.92957934690639,3
"1678",0.0881921616382897,-1.98098368477076,3
"1679",1.72080269781873,-0.420249707531184,3
"1680",0.862879569176584,-1.58360359724611,3
"1681",1.13581329584122,-1.46448818035424,3
"1682",1.03407384362072,-1.85297826072201,3
"1683",0.393587325233966,1.82631112635136,3
"1684",0.953156384639442,-1.45196796860546,3
"1685",0.879351743496954,-1.79925643838942,3
"1686",1.07173253549263,-1.36780579574406,3
"1687",1.83278585784137,-0.335525025147945,3
"1688",2.10366136394441,0.25842831004411,3
"1689",1.7937666317448,-0.92587961582467,3
"1690",0.754106198437512,2.06477338680997,3
"1691",2.22559846006334,0.132411189842969,3
"1692",1.93152844905853,1.04363158345222,3
"1693",1.03031167993322,-1.9220905425027,3
"1694",0.973598186392337,1.8137324671261,3
"1695",1.55820011161268,1.03808496845886,3
"1696",0.180677257012576,-2.19082329189405,3
"1697",0.406266683712602,2.17142681125551,3
"1698",1.64712817175314,-1.03401481406763,3
"1699",1.57461837632582,0.973974801599979,3
"1700",2.06603947794065,0.533777449745685,3
"1701",1.87720019370317,0.801877691410482,3
"1702",2.12269041221589,0.283069866709411,3
"1703",0.28344766702503,-1.98102414608002,3
"1704",1.30690231919289,-1.61830128403381,3
"1705",1.23339439276606,-1.72177702421322,3
"1706",0.646428649779409,2.01080385828391,3
"1707",1.7609625030309,0.679585773032159,3
"1708",0.680707374121994,-1.81050689192489,3
"1709",1.66691350284964,-0.855887471698225,3
"1710",0.609145055059344,-1.90237578004599,3
"1711",1.75666093127802,0.347398568410426,3
"1712",1.73649587435648,-1.3474519806914,3
"1713",1.21927017811686,1.23031064169481,3
"1714",1.73219181364402,1.32973997388035,3
"1715",0.810342293698341,-1.87725664349273,3
"1716",0.587778734043241,-1.94833643967286,3
"1717",0.403294384013861,-1.98171518510208,3
"1718",0.23298108484596,-1.95463183801621,3
"1719",0.354445213451982,-1.74924757797271,3
"1720",1.24154678313062,-1.70765021350235,3
"1721",1.16895020706579,1.8724096682854,3
"1722",1.29002139205113,-1.52013162150979,3
"1723",0.332036656327546,2.08767709787935,3
"1724",0.500245962757617,-1.83641445823014,3
"1725",0.368501453194767,2.00478285318241,3
"1726",1.93524322938174,-1.05716134654358,3
"1727",0.574259755667299,1.68407700257376,3
"1728",0.430157252121717,-1.73856391804293,3
"1729",0.142400078475475,2.01581282308325,3
"1730",0.524110603146255,1.8727456801571,3
"1731",1.95488700410351,0.716336013283581,3
"1732",1.31761942757294,-1.48435151670128,3
"1733",1.85273284791037,0.620888324920088,3
"1734",0.459239156916738,-2.03225062694401,3
"1735",0.874890717677772,1.93869252223521,3
"1736",0.310132433660328,-2.09636181592941,3
"1737",2.05331718083471,0.346291123423725,3
"1738",0.706105222925544,2.01344247441739,3
"1739",1.71114312717691,1.079460545443,3
"1740",0.803450043313205,-1.71327220508829,3
"1741",1.14250359823927,-1.39699483057484,3
"1742",1.58221988473088,1.33911914890632,3
"1743",0.852196794003248,2.02632857253775,3
"1744",0.222421467769891,1.94082835456356,3
"1745",0.118144212756306,1.91772529156879,3
"1746",0.878694124985486,-1.70627265470102,3
"1747",1.69247084762901,-0.929178844671696,3
"1748",1.77073548082262,0.518937539309263,3
"1749",2.18285190872848,-0.43073299806565,3
"1750",1.47212938871235,1.53241910040379,3
"1751",1.65286454837769,-1.03244401747361,3
"1752",0.0589981558732688,1.90909549128264,3
"1753",0.405728870537132,1.70805289177224,3
"1754",1.246231214609,-1.28484273096547,3
"1755",2.13062668452039,-0.609500641003251,3
"1756",0.24452104466036,1.89898940501735,3
"1757",1.41889526275918,-1.3609665306285,3
"1758",0.959731026086956,1.91063656006008,3
"1759",0.924991986248642,-1.56161835649982,3
"1760",1.81020242860541,0.142195299267769,3
"1761",1.47323581157252,-1.5601791231893,3
"1762",1.78819915745407,-0.619510584510863,3
"1763",2.11251431144774,-0.631657422054559,3
"1764",0.636034139897674,1.65877399034798,3
"1765",0.812263167463243,1.87199119711295,3
"1766",0.859255762770772,1.51083894772455,3
"1767",1.46596288541332,1.24099594075233,3
"1768",0.163000412285328,2.16790319886059,3
"1769",1.44465053919703,-1.3924117363058,3
"1770",1.73089771065861,-0.585318170487881,3
"1771",2.11393945384771,0.720579347107559,3
"1772",0.533161780331284,1.77686375100166,3
"1773",0.840361283626407,-1.55539521481842,3
"1774",1.71377311227843,-0.76620290055871,3
"1775",1.37657599523664,1.1014728853479,3
"1776",0.634781352709979,-1.94573840592057,3
"1777",1.74511752324179,-0.0589437363669276,3
"1778",0.251885468605906,2.03440726501867,3
"1779",1.75536044407636,1.3059276714921,3
"1780",1.37687909416854,1.15313575603068,3
"1781",1.71520818956196,-0.309767925646156,3
"1782",2.21777439583093,0.104068301152438,3
"1783",0.580653166398406,2.05956782447174,3
"1784",1.37023372109979,-1.75317121902481,3
"1785",2.17883639037609,-0.190145298838615,3
"1786",1.58390293596312,0.88146312860772,3
"1787",0.595154189504683,1.98818668955937,3
"1788",0.0424967426806688,2.20902587519959,3
"1789",0.588848909828812,-2.01067787362263,3
"1790",1.9898327300325,-0.996744211297482,3
"1791",1.41148135997355,1.30132194841281,3
"1792",1.5582620492205,-1.1087770643644,3
"1793",0.228026525583118,1.72825032146648,3
"1794",1.7512030643411,-0.325767025351524,3
"1795",1.21929711196572,1.50884347036481,3
"1796",2.05950121860951,-0.271020154468715,3
"1797",1.5658043185249,-0.861081294715405,3
"1798",1.72550158109516,0.952177396975458,3
"1799",1.02298990823328,1.73785854829475,3
"1800",1.93787254625931,-0.407909993082285,3
"1801",1.6982914833352,1.02370706852525,3
"1802",0.202494189143181,-2.2213072469458,3
"1803",0.392623078078032,-2.00148060219362,3
"1804",0.982833823654801,1.57700990559533,3
"1805",0.0404187990352511,-1.92041755188257,3
"1806",1.96877862326801,-0.546312283258885,3
"1807",0.0241764169186354,-2.10997797548771,3
"1808",0.117963741067797,-2.20781450159848,3
"1809",1.85202295426279,-0.515077183954418,3
"1810",0.419238430913538,2.06491756718606,3
"1811",2.02008572639897,0.645807723049074,3
"1812",1.75246198894456,1.31719285389408,3
"1813",0.135166672989726,-1.73329068813473,3
"1814",0.400949406903237,1.94408983225003,3
"1815",1.50877645937726,-1.58266478218138,3
"1816",0.565420284401625,1.6436291881837,3
"1817",0.253627870697528,-2.02924475539476,3
"1818",0.774538931436837,1.88323198119178,3
"1819",1.27813068684191,1.20542226824909,3
"1820",1.73893632367253,1.15058300783858,3
"1821",1.89496199134737,0.976675662677735,3
"1822",1.94476327393204,-0.427624548319727,3
"1823",0.725625436753035,1.72124289209023,3
"1824",1.98519230121747,-0.971277710050344,3
"1825",0.139233595691621,1.94321000482887,3
"1826",0.29844036558643,-1.89757230691612,3
"1827",1.94024338154122,0.479279612191021,3
"1828",0.362621240783483,-1.71701023820788,3
"1829",1.61760870134458,-1.52858895948157,3
"1830",0.188151376787573,-2.20470712520182,3
"1831",1.46318152779713,-0.951692103408277,3
"1832",0.418671541847289,1.75868546590209,3
"1833",1.23336609452963,-1.27601610729471,3
"1834",1.01697946432978,1.70653964625672,3
"1835",1.70884479535744,-0.951824560761452,3
"1836",1.63081456674263,-0.652100869920105,3
"1837",1.57507526921108,0.891058868728578,3
"1838",2.10859381128103,-0.663498190697283,3
"1839",0.682015020865947,1.95438031805679,3
"1840",0.316463739145547,-2.1097412914969,3
"1841",1.3218829780817,-1.29163037054241,3
"1842",0.771052546333522,-1.93202980328351,3
"1843",1.90699487458915,-0.168292322196066,3
"1844",1.22720981715247,1.84597447281703,3
"1845",2.17135118320584,-0.153894620016217,3
"1846",0.716514689847827,-2.059350698255,3
"1847",1.8746049515903,-0.485204805154353,3
"1848",1.93737585796043,-0.572665706276894,3
"1849",0.0412937067449093,-1.96481216698885,3
"1850",1.35078105609864,1.2401612685062,3
"1851",0.658260581549257,2.02169677009806,3
"1852",1.77191213704646,0.150221951771528,3
"1853",1.90035340376198,-0.393107447307557,3
"1854",0.449153943918645,-1.99339590733871,3
"1855",1.9121033931151,-1.11041591735557,3
"1856",0.217937987763435,-1.74941003089771,3
"1857",1.6699310252443,-0.821109546814114,3
"1858",1.79463593289256,1.11613433109596,3
"1859",1.6114931483753,1.17214359110221,3
"1860",1.78802721202374,1.22144636232406,3
"1861",0.534097899217159,1.8237939151004,3
"1862",1.59847183618695,-0.796345544513315,3
"1863",0.462422359269112,2.02568074455485,3
"1864",0.173949690070003,-1.94372717989609,3
"1865",0.556333803106099,-2.13686070637777,3
"1866",1.73179048113525,0.620315852575004,3
"1867",1.46138486685231,-1.05224366299808,3
"1868",1.22421618318185,-1.43727552611381,3
"1869",1.79456025129184,-1.10308036440983,3
"1870",1.33924435358495,-1.23872357653454,3
"1871",0.939778625033796,1.77021078299731,3
"1872",1.37620155932382,-1.19579838123173,3
"1873",1.72699498478323,-0.216555539518595,3
"1874",1.63430266082287,1.2663593608886,3
"1875",0.181540425401181,-1.73834514338523,3
"1876",1.72691270709038,-1.29534383071586,3
"1877",1.75950235221535,0.0427474151365459,3
"1878",1.16764484206215,-1.72221944434568,3
"1879",1.93006905959919,-0.566767398267984,3
"1880",1.67300549102947,0.916083944030106,3
"1881",2.21268819877878,0.198409901931882,3
"1882",0.415245138574392,1.89104591030627,3
"1883",0.472109918482602,-1.99513081461191,3
"1884",0.0844923057593405,1.90680486150086,3
"1885",0.0468816887587309,-2.1444932743907,3
"1886",2.04571309033781,-0.0930866785347462,3
"1887",0.872110580094159,-2.04283728729934,3
"1888",1.77709362003952,0.329617001116276,3
"1889",1.26489883288741,1.72513366676867,3
"1890",0.00385133782401681,-2.23261188017204,3
"1891",0.265641598962247,2.06011041300371,3
"1892",1.45423979964107,-1.50341185275465,3
"1893",0.285486401990056,1.77239103009924,3
"1894",1.84377487516031,0.730052799917758,3
"1895",1.93635879550129,-1.11160255037248,3
"1896",1.77320468472317,-0.0326649798080325,3
"1897",1.74558531725779,0.828934030141681,3
"1898",0.796763214748353,1.62927290657535,3
"1899",1.38649911619723,1.292547469493,3
"1900",1.46758324466646,1.09551904490218,3
"1901",1.04368825443089,1.76028790418059,3
"1902",0.360008380375803,-1.79887250764295,3
"1903",1.80179010611027,-1.18619738612324,3
"1904",0.995816164650023,-1.72205596230924,3
"1905",1.75217813812196,0.204395663458854,3
"1906",0.951471766456962,-1.48792330641299,3
"1907",0.135389480274171,1.84274431550875,3
"1908",0.479197560343891,-1.9327373476699,3
"1909",0.783969797194004,2.03815321205184,3
"1910",1.77548888372257,0.998690091073513,3
"1911",1.95726954843849,-0.111490190029144,3
"1912",1.11176901962608,-1.37322524795309,3
"1913",1.67490449501202,-0.760772542562336,3
"1914",0.765654426068068,-1.95389769971371,3
"1915",1.23142695985734,-1.42824684502557,3
"1916",2.00189233757555,-0.478958927560598,3
"1917",1.57420170726255,-0.985855655744672,3
"1918",1.2748198909685,1.49352507898584,3
"1919",1.3242873060517,-1.36578106554225,3
"1920",1.85425656381994,-0.947058203164488,3
"1921",1.83759829727933,-1.05730810202658,3
"1922",1.97516115615144,0.0995303550735116,3
"1923",0.600076664704829,-1.69078092789277,3
"1924",1.28607318038121,1.7859933944419,3
"1925",2.10789751028642,0.100740932393819,3
"1926",1.47590433945879,-1.62272921064869,3
"1927",0.273772943764925,1.7600578116253,3
"1928",0.0468816724605858,2.11051694583148,3
"1929",1.84734539827332,0.839658686891198,3
"1930",0.171640196349472,-1.98897875379771,3
"1931",0.970666552893817,1.45665704738349,3
"1932",0.695529957301915,1.70728984987363,3
"1933",1.37300556292757,-1.09487404581159,3
"1934",1.51004428742453,0.961394703481346,3
"1935",1.22376017738134,-1.46417746553198,3
"1936",0.397464348934591,-1.73227656167001,3
"1937",1.10436505638063,-1.6633759252727,3
"1938",1.68093445478007,-0.899143705610186,3
"1939",1.31976404227316,-1.52366874739528,3
"1940",0.67616482032463,1.99860467109829,3
"1941",0.164887688588351,-2.09141439525411,3
"1942",2.1965255914256,-0.134562922175974,3
"1943",1.51703348383307,1.54848610749468,3
"1944",1.2902996968478,-1.40506949042901,3
"1945",0.839010586496443,-1.69492518762127,3
"1946",1.2260903371498,1.84601796558127,3
"1947",0.438863234594464,1.83957578847185,3
"1948",1.82009897194803,0.73264013743028,3
"1949",1.85544947860762,1.17814128519967,3
"1950",0.104929972440004,1.93029507761821,3
"1951",2.01504104537889,-0.0182274449616671,3
"1952",1.33284497540444,-1.25009193085134,3
"1953",1.58678799401969,1.33997963741422,3
"1954",1.77783732069656,-0.781962648034096,3
"1955",1.99050748255104,-0.5613729567267,3
"1956",1.44572800025344,1.05566219193861,3
"1957",0.339589195791632,2.11960206739604,3
"1958",1.63194687338546,-1.23677086783573,3
"1959",1.96140525862575,0.896673209499568,3
"1960",1.91134974593297,0.934930085204542,3
"1961",0.221094938460737,-1.85519378632307,3
"1962",1.42029213951901,-1.23318592552096,3
"1963",0.662438340950757,1.9210807653144,3
"1964",1.81373552652076,0.602574590593576,3
"1965",1.31709792418405,-1.14940647268668,3
"1966",1.95700028911233,-0.358918304555118,3
"1967",1.98989704018459,-0.530570244882256,3
"1968",0.775261635426432,-2.00017251074314,3
"1969",2.04112198203802,-0.0185651611536741,3
"1970",1.37345005990937,-1.1465421016328,3
"1971",0.812390500213951,1.68636773014441,3
"1972",0.207314840517938,-2.00551346177235,3
"1973",1.99794302461669,-0.421031303703785,3
"1974",0.812155294697732,1.65527738863602,3
"1975",1.92493589827791,0.981932568829507,3
"1976",0.420330590568483,-1.93869060603902,3
"1977",1.12943805521354,1.84429787565023,3
"1978",1.86133995419368,0.298585486598313,3
"1979",0.723603470250964,1.70228794682771,3
"1980",1.6831284109503,1.02864725748077,3
"1981",1.42877420410514,1.15576529875398,3
"1982",0.679050358012319,-2.08012769930065,3
"1983",0.463520875200629,-1.97817793581635,3
"1984",1.68896383140236,-0.750345711130649,3
"1985",0.962794425431639,-1.65937247453257,3
"1986",1.61196613684297,-1.28934312378988,3
"1987",0.149444614071399,2.17381609138101,3
"1988",0.528370821848512,1.79106402909383,3
"1989",0.421013394370675,1.69575869804248,3
"1990",1.26870893873274,1.37360220775008,3
"1991",0.852422839961946,-1.60620264708996,3
"1992",1.26538919750601,1.67573700658977,3
"1993",0.882738793734461,-1.9792068656534,3
"1994",1.72149241669104,1.0550350905396,3
"1995",1.44615134689957,1.41780831385404,3
"1996",1.4328331546858,-1.64098913781345,3
"1997",0.257939642760903,-2.18393687391654,3
"1998",0.545529962982982,-1.87598244287074,3
"1999",1.42645927611738,1.03640892310068,3
"2000",2.094771056436,-0.724982169922441,3
"2001",1.65841404814273,1.35918885236606,3
"2002",1.60464942920953,1.28138221567497,3
"2003",2.12484607007354,-0.306658004410565,3
"2004",1.62772823125124,0.633413724135607,3
"2005",0.273076256271452,-1.87516441568732,3
"2006",1.69830624945462,1.09250423964113,3
"2007",0.481424308381975,-1.8401571479626,3
"2008",0.950425521004945,1.90370522905141,3
"2009",1.29278877284378,-1.18455030256882,3
"2010",0.67100765183568,1.72754272818565,3
"2011",0.483317165635526,-1.71668717404827,3
"2012",1.78834152175114,-0.736376377753913,3
"2013",0.13873319607228,2.20206663478166,3
"2014",0.273456298746169,2.04738643718883,3
"2015",0.0201406679116189,-1.8783565191552,3
"2016",0.992515289690346,-1.57459259266034,3
"2017",1.77737449295819,-1.30190298194066,3
"2018",1.01740969577804,1.5702806878835,3
"2019",0.563378233928233,-2.15168270748109,3
"2020",1.4877942064777,-1.19693099521101,3
"2021",0.198955200612545,2.04803680069745,3
"2022",1.23071752022952,-1.74155311426148,3
"2023",1.02334508439526,1.82740078307688,3
"2024",1.06271237833425,-1.82620423380286,3
"2025",2.05447146203369,0.288923743646592,3
"2026",1.74973744666204,-0.418258258141577,3
"2027",1.67372418800369,0.639104873407632,3
"2028",0.464004480745643,-2.01714115682989,3
"2029",0.0267016584984958,2.0916353771463,3
"2030",1.30046109668911,1.62225827807561,3
"2031",1.73992080846801,-0.320038155186921,3
"2032",1.25941302860156,-1.79180202772841,3
"2033",1.54718302190304,-1.01291131228209,3
"2034",1.54104474466294,1.12847004085779,3
"2035",1.30050243344158,-1.25485836993903,3
"2036",1.85341587057337,-0.591598728206009,3
"2037",1.42396867508069,1.40570116462186,3
"2038",2.08104241406545,-0.232167323119938,3
"2039",1.14590653916821,-1.72866161214188,3
"2040",2.16729073319584,-0.32906437292695,3
"2041",0.823090572375804,-2.05838086782023,3
"2042",1.1929663317278,1.63478283910081,3
"2043",0.505634618457407,-2.12257184786722,3
"2044",1.9669850775972,-1.01227682083845,3
"2045",1.6592815076001,-0.673713355790824,3
"2046",1.80765107972547,0.73017320362851,3
"2047",0.489318876061589,1.67662076884881,3
"2048",1.3664796599187,-1.56659058993682,3
"2049",0.501158125698566,-1.9752091774717,3
"2050",1.80090588517487,-1.1180724715814,3
"2051",1.93510303273797,1.00880656857044,3
"2052",2.02360800234601,0.364197427406907,3
"2053",1.76232174737379,0.66238451981917,3
"2054",1.52667894493788,1.47109345765784,3
"2055",0.49710942665115,1.76123578101397,3
"2056",0.439552315510809,1.87682824209332,3
"2057",0.667217716109008,-1.80548095377162,3
"2058",1.42439395887777,-1.3116070558317,3
"2059",1.52052844176069,-1.61186744924635,3
"2060",1.54094261582941,1.42532394966111,3
"2061",1.9758130563423,0.669223717413843,3
"2062",1.19642270728946,-1.46377393510193,3
"2063",1.70486860210076,-1.39691251330078,3
"2064",1.77270315587521,0.74681080179289,3
"2065",0.847688692156225,1.79051946150139,3
"2066",1.26490343594924,1.46809415891767,3
"2067",1.95626174099743,0.864488258957863,3
"2068",1.72635019989684,0.545469352509826,3
"2069",0.0392171088606119,-1.78878686623648,3
"2070",1.58065258990973,-1.11027576960623,3
"2071",1.79859783500433,1.04667386738583,3
"2072",0.973126392345876,-1.56826481223106,3
"2073",1.40977605013177,-1.38942833524197,3
"2074",1.35225216625258,1.71588438795879,3
"2075",1.10495547065511,1.77221567369998,3
"2076",1.31220904877409,-1.71568208141252,3
"2077",1.6362542565912,-1.1532017076388,3
"2078",0.635694758966565,1.88507027924061,3
"2079",1.60110017983243,-0.813750366214663,3
"2080",0.527704022824764,2.10813244571909,3
"2081",2.03892264282331,0.571979631204158,3
"2082",1.44606880610809,-1.45754471654072,3
"2083",0.251948013901711,-2.0176998176612,3
"2084",2.15736347949132,0.152397491037846,3
"2085",1.09120150562376,1.65838968474418,3
"2086",0.191875630989671,-1.87888209940866,3
"2087",0.918194302357733,-2.0241192728281,3
"2088",0.713628483936191,1.97217548964545,3
"2089",0.642567970789969,-1.83830342022702,3
"2090",0.897805627901107,1.93570116301998,3
"2091",0.994913594331592,1.71369671123102,3
"2092",0.782188840676099,1.62326066289097,3
"2093",0.0428957655094564,1.91637745127082,3
"2094",1.86831663828343,0.245523890480399,3
"2095",0.263275203760713,1.87732049031183,3
"2096",0.0436643301509321,2.11480413097888,3
"2097",1.02979265386239,-1.64979787543416,3
"2098",1.75716237165034,-0.843749449122697,3
"2099",1.3825573050417,-1.69638084480539,3
"2100",1.61605036118999,1.24852129025385,3
"2101",-1.93094651121646,2.02272671774402,4
"2102",-0.0405487744137645,1.61866459397785,4
"2103",-0.865280444733799,1.35380230694264,4
"2104",-1.73067624121904,-1.51906153885275,4
"2105",-0.0922710252925754,0.30090556435287,4
"2106",-0.576673740986735,-2.04037923762761,4
"2107",-1.86165911471471,-1.99920241402648,4
"2108",-1.15614847140387,1.78354447245412,4
"2109",-1.70281700557098,1.71645985823125,4
"2110",-1.47087296610698,1.75821625952795,4
"2111",-1.72948310244828,0.416488992206753,4
"2112",-0.723908652551472,-1.93848060360551,4
"2113",-1.73709660256281,0.261843900406733,4
"2114",-1.21150773810223,-0.635967872992158,4
"2115",-1.65619009034708,1.43744534308091,4
"2116",-0.695828449912369,0.436787441276014,4
"2117",-0.294442397542298,1.44311231920868,4
"2118",-1.79307319642976,-0.0869914182722566,4
"2119",-1.37150787655264,1.25372939982452,4
"2120",-1.65201281709597,0.842701614994556,4
"2121",-1.85070187784731,-0.689306396842003,4
"2122",-1.9112045429647,-1.78978572022729,4
"2123",-0.735277197789401,1.85642034266144,4
"2124",-0.00419399328529835,0.0942558820135893,4
"2125",-0.197567062918097,0.363393284708262,4
"2126",-1.22766870632768,2.07679035250098,4
"2127",-1.22713866597041,-1.66808726320602,4
"2128",-1.29525267379358,0.413913568099961,4
"2129",-0.474177497439086,1.25384843922779,4
"2130",-0.703475705813617,-2.09583539402671,4
"2131",-0.599553406238556,1.70416751211509,4
"2132",-0.605353411752731,1.27649052047543,4
"2133",-1.93586848117411,0.638981174308807,4
"2134",-0.0742110009305179,1.16516043119319,4
"2135",-1.54830936156213,1.66158093157969,4
"2136",-1.7511995472014,1.44656303335168,4
"2137",-0.757379504851997,-1.54853923399746,4
"2138",-0.0820266921073198,-1.67811486403272,4
"2139",-0.526276713702828,-0.457080666551366,4
"2140",-1.26949549792334,1.21961627947539,4
"2141",-0.176077225711197,-1.30979106963426,4
"2142",-0.75709126284346,-0.183823703138158,4
"2143",-1.23897661967203,0.999944592069835,4
"2144",-1.78873668238521,0.217796948257834,4
"2145",-1.80629903730005,-0.798729800306261,4
"2146",-0.886572426185012,-1.16046202892065,4
"2147",-0.445896064862609,-2.15130291636847,4
"2148",-1.43611437268555,0.617138843726367,4
"2149",-1.07425974309444,0.967319392938167,4
"2150",-0.40193573012948,-0.975950900742784,4
"2151",-0.718643002212048,-0.00636804633773869,4
"2152",-0.542074052151293,-2.05413462816551,4
"2153",-1.21118933800608,1.20386243427359,4
"2154",-0.226218843832612,0.681861982407048,4
"2155",-0.70321346167475,-1.91840368837863,4
"2156",-1.75900668976828,-1.04373514412902,4
"2157",-1.6297906273976,-2.14982688899152,4
"2158",-1.10052503598854,1.12173136317357,4
"2159",-1.73965958040208,-0.77208174279891,4
"2160",-0.850619793403894,0.64516657319665,4
"2161",-1.91198568185791,1.91932045327686,4
"2162",-1.98365660384297,-0.383058794667944,4
"2163",-0.53968165256083,-0.731530056456104,4
"2164",-1.24868673272431,-0.987314151849598,4
"2165",-1.02223359700292,0.5711006900426,4
"2166",-1.26417255261913,2.23085868518427,4
"2167",-1.39609616389498,1.50685075555742,4
"2168",-1.90605368139222,-0.585732935568318,4
"2169",-1.8422805480659,-0.449908450616524,4
"2170",-1.94516235869378,1.63754584972933,4
"2171",-1.818367223721,-1.87102999061905,4
"2172",-0.568694698624313,0.260832759451121,4
"2173",-0.743267097510397,-0.00120768763311219,4
"2174",-1.95989168388769,1.20716697902046,4
"2175",-0.143461066763848,-1.84154505588114,4
"2176",-0.742612574715167,0.145885007029399,4
"2177",-1.20896279998124,-1.5534175911285,4
"2178",-0.0222107353620231,-1.42609611510672,4
"2179",-1.06540139345452,0.287040133664385,4
"2180",-0.623842231463641,-0.366077813951299,4
"2181",-1.50735605647787,1.63614705162123,4
"2182",-0.618386121001095,1.98981100715883,4
"2183",-1.85415605222806,-1.55323210115172,4
"2184",-1.87056653667241,2.05517511066236,4
"2185",-1.98965632775798,-1.6790440787822,4
"2186",-0.365970303304493,-0.781626725250855,4
"2187",-0.446231137495488,-0.180741487724707,4
"2188",-1.97323593916371,0.982504850421101,4
"2189",-1.6266330354847,-2.01466340503283,4
"2190",-1.73643180122599,-1.55615441557765,4
"2191",-1.69828877411783,0.48028157713078,4
"2192",-0.382575610186905,-0.350276664104313,4
"2193",-1.69192649004981,1.60604350285977,4
"2194",-1.40850308351219,-0.416046075498685,4
"2195",-1.93435016553849,0.0820956113580613,4
"2196",-1.20201418641955,0.721661358088255,4
"2197",-1.8116452540271,1.19060257530399,4
"2198",-1.25364483194426,1.94605078579858,4
"2199",-0.585500910878181,2.09944256376475,4
"2200",-1.70063170557842,-1.16509951365553,4
"2201",-1.05890726298094,2.03424080603011,4
"2202",-1.9637592183426,-0.876775328341872,4
"2203",-1.97017123037949,-0.324562495376915,4
"2204",-0.783490878529847,-1.98540822351724,4
"2205",-0.835589685942978,-0.838544875482097,4
"2206",-0.529397376347333,-1.8968998892121,4
"2207",-1.11491292901337,0.281889495776966,4
"2208",-1.28141040448099,-2.03367557840981,4
"2209",-1.73868573829532,1.98513305650279,4
"2210",-1.21690838783979,-0.796909148301929,4
"2211",-1.00538555951789,1.90883029731736,4
"2212",-1.10281682293862,1.48770606628433,4
"2213",-0.753059459384531,0.0348475595340134,4
"2214",-0.589818430598825,1.52802870743349,4
"2215",-1.67466776212677,-0.948867900179699,4
"2216",-0.0247012344188988,0.509505566859618,4
"2217",-1.01337692793459,-0.413093776058406,4
"2218",-1.44339451706037,-0.660602890444919,4
"2219",-0.0945934178307652,0.276571394531056,4
"2220",-1.89931678166613,-2.00870719606802,4
"2221",-1.30352189904079,1.84476723815128,4
"2222",-0.45059043681249,0.963863170748577,4
"2223",-0.302464219741523,-0.105870325034484,4
"2224",-0.25852950103581,1.55741185888462,4
"2225",-1.35447517503053,1.34653322539665,4
"2226",-0.536272114142776,-1.95578541268967,4
"2227",-1.71399578079581,1.59135634450428,4
"2228",-0.465576155111194,-1.92169664436206,4
"2229",-1.0814623972401,-0.949706913117319,4
"2230",-0.847734794951975,-0.879430989798158,4
"2231",-0.430469379294664,-0.0110224477518348,4
"2232",-0.591558062937111,1.8503401526697,4
"2233",-0.718821685295552,-0.283920403143391,4
"2234",-0.236908935476094,-0.372351514426991,4
"2235",-0.384356757625937,0.795053332261741,4
"2236",-1.40906679816544,2.22297292211652,4
"2237",-0.917172837071121,0.82897102628462,4
"2238",-1.92945205839351,1.05475368314609,4
"2239",-0.684114654548466,2.04044234797172,4
"2240",-1.32108397781849,-1.91685552849807,4
"2241",-0.572373452130705,-1.83385651107691,4
"2242",-0.446309382095933,-0.729267700763419,4
"2243",-0.0957097569480538,0.0213691352363674,4
"2244",-0.985841758549213,-1.68146558890864,4
"2245",-0.341942511033267,0.0458446369525047,4
"2246",-0.863874717615545,-0.928521158348769,4
"2247",-1.68210531072691,-1.51289269013517,4
"2248",-1.92907816171646,1.71580023268797,4
"2249",-0.273241450078785,0.591575217513368,4
"2250",-0.94008172955364,-0.0786708860322833,4
