"","distance_high_speed_running","distance_high_speed_sprinting","total_distance","distance_walking","distance_jogging","distance_low_speed_sprinting","receptions_between_midfield_and_defensive_line","take_ons_completed","phase_aggregate_recovery","offers_to_receive_total","offers_to_receive_in_front","distributions_under_pressure","linebreaks_completed_under_pressure","offers_to_receive_outside","offers_to_receive_inside","phase_aggregate_set_pieces","phase_aggregate_high_press","phase_aggregate_high_block","phase_aggregate_mid_press","phase_aggregate_mid_block","phase_aggregate_long_ball","linebreaks_completed_midfield_and_defensive_line","linebreaks_attempted_midfield_and_defensive_line","linebreaks_attempted_attacking_and_midfield_line","final_third_entries_reception_right_channel","final_third_entries_reception_central_channel","linebreaks_attempted_under_pressure","phase_aggregate_progression","phase_aggregate_final_third","final_third_entries_reception_inside_left_channel","final_third_entries_reception_left_channel","linebreaks_attempted_defensive_line_completed","linebreaks_attempted_attacking_line_completed","linebreaks_attempted_completed","linebreaks_attempted_defensive_line","linebreaks_attempted_midfield_line","linebreaks_attempted_attacking_line","linebreaks_attempted","direct_defensive_pressures_applied","defensive_pressures_applied","phase_aggregate_build_up_opposed","final_third_entries_reception_inside_right_channel","linebreaks_attempted_midfield_line_completed","forced_turnovers","possession","received_offers_to_receive","receptions_under_direct_pressure","receptions_under_indirect_pressure","receptions_under_no_pressure","phase_aggregate_defensive_transition","phase_aggregate_attacking_transition","phase_aggregate_counterattack","phase_aggregate_counter_press","completed_switches_of_play","attempted_switches_of_play","goalkeeper_defensive_actions_outside_penalty_area","offers_to_receive_in_behind","phase_aggregate_low_press","linebreaks_completed_all_lines","linebreaks_completed_attacking_and_midfield_line","linebreaks_attempted_all_lines","receptions_in_behind","receptions_under_pressure","distributions_completed_under_pressure","offers_to_receive_in_between","phase_aggregate_low_block","attempted_ball_progressions","completed_ball_progressions","goalkeeper_goal_preventions","goalkeeper_defensive_actions_inside_penalty_area","phase_aggregate_build_up_unopposed","crosses","crosses_completed","assists","attempt_at_goal","attempt_at_goal_on_target","attempt_at_goal_blocked","offsides","passes","fouls_for","attempt_at_goal_off_target","attempt_at_goal_outside_the_penalty_area_on_target","attempt_at_goal_from_free_kicks","goals_outside_the_penalty_area","headed_attempt_at_goal","fouls_against","red_cards","goals_conceded_from_attempt_at_goal_against","yellow_cards","own_goals","time_played","substitutions_in","goals_from_direct_free_kicks","attempt_at_goal_inside_the_penalty_area","attempt_at_goal_inside_the_penalty_area_on_target","goals_inside_the_penalty_area","attempt_at_goal_outside_the_penalty_area","goal_kicks","corners","free_kicks","indirect_free_kicks","direct_free_kicks","throw_ins","penalties","penalties_scored","attempt_at_goal_against","substitutions_out","goals","goals_conceded","passes_completed","negara","status"
"1",12636.210108,1839.71445,105126.54,40547.306478,44436.988458,5655.807852,52,0,2.66004682328247,373,144,181,32,200,173,9.68969555035129,4.97093727294744,3.7135706789376,9.73399531767175,23.0544118834262,5.83631209170467,1,8,17,11,1,64,10,16.5690866510539,1,8,5,30,66,13,63,51,127,63,327,14.1470479477382,2,31,79,0.369253385491286,112,12,112,240,11.0801646887866,15.088438308887,1.36509306052015,6.88423347057399,2,2,0,78,2.33309114394123,1,17,6,5,124,113,151,26.6549608460483,10,5,5,7,35.6649821274498,17,4,0,4,1,1,4,356,14,2,1,1,0,0,19,0,0,4,0,100,4,0,1,0,0,3,8,2,17,2,15,19,0,0,5,4,0,2,287,"mexico","lose"
"2",11487.602295,2517.83064,104909.61,42593.30166,42939.503373,5371.372032,89,4,1.35893011216566,569,222,324,60,297,272,7.76519738435456,4.17847898434611,3.28176999876741,5.49118698385308,21.6504375693332,2.58739000565109,2,4,21,12,2,95,26,19.5931218212642,6,10,5,48,100,10,74,66,150,43,220,19.6536691692904,4,47,63,0.509843775305535,213,12,185,337,15.088438308887,11.0761281989182,1.47937353677242,11.293602859608,3,4,1,103,1.03537532355479,2,21,4,2,197,237,244,22.248243559719,26,23,4,12,35.5221199644789,14,2,2,5,2,0,2,533,17,3,1,1,1,1,15,0,0,1,0,100,5,0,2,1,1,3,6,4,23,3,20,21,0,0,4,5,2,0,464,"argentina","win"
"3",13813.156866,2951.145618,112210.86,44267.18427,44300.847528,6867.304632,78,5,4.58621619193099,268,68,165,36,136,132,7.93462161138094,3.84401114206128,3.48279270374697,5.74175577320514,35.6438134603289,7.80889394095966,2,4,32,8,3,61,26,21.2393648169198,2,3,7,29,68,15,68,54,137,48,361,8.15679790568703,3,32,80,0.247385009785918,94,13,112,150,10.8527271093539,27.7703144914057,1.9358616651166,7.75092101716237,7,7,0,69,0.593045197232456,1,32,3,9,125,91,131,17.6655584508941,26,19,14,29,23.0098859839482,9,2,1,3,2,1,1,267,6,0,0,0,0,0,21,0,0,6,0,100,5,0,3,2,2,0,9,2,16,10,6,13,0,0,14,5,2,1,190,"saudi","win"
"4",12412.924972,2148.98124,102332.44,44258.7803,38159.766876,5351.986612,105,3,2.05297785126244,650,316,368,83,367,283,7.02219426722976,3.57204367744825,6.19337949088905,3.53415314663635,20.2748785780717,1.2418007008716,20,30,24,18,5,135,16,20.5139725042681,4,12,25,22,127,39,115,37,191,34,163,15.8621619193099,8,80,65,0.649372020159285,271,23,239,360,27.7703144914057,10.8527271093539,0.560697277383413,17.1265199269746,5,6,0,157,1.41572801488064,7,24,14,26,262,273,177,10.0478798525714,16,13,4,13,37.4651810584958,29,12,0,14,6,2,10,610,21,5,0,1,0,5,7,0,0,0,0,100,4,0,10,6,1,4,3,9,22,0,22,24,1,1,3,4,1,2,529,"argentina","lose"
"5",15990.074766,2269.333755,116376.09,41418.250431,49727.503257,6959.290182,130,8,5.32181915974422,640,235,409,96,341,299,5.25204048870338,7.13560031076316,6.44833562421562,4.51801828721688,8.77905934381163,3.2174662453318,11,15,43,19,4,145,14,23.9704614968653,5,27,17,75,172,21,119,101,241,31,161,12.570762289403,6,80,74,0.605215496239922,229,25,210,440,27.2769377876053,11.4799668790239,0.547510012335874,15.9654574792327,9,12,0,146,0.239048586625232,8,43,12,17,235,316,259,9.51413374768422,14,10,8,11,38.0206837115771,32,5,0,14,3,4,3,650,9,7,0,1,0,2,10,0,0,1,0,94,5,0,11,3,0,3,4,6,12,2,10,27,0,0,8,5,0,1,567,"denmark","lose"
"6",16132.014138,2143.749466,119762.54,40898.90741,53773.38046,6814.488526,93,7,6.16286733021275,302,100,175,45,160,142,11.9449590629295,3.49798063436808,5.04925900265306,3.91030298933707,27.1676495935921,10.6376621048228,3,9,34,11,2,79,24,20.7195362457419,2,9,7,27,81,17,97,52,166,37,341,10.3179346202116,1,47,90,0.244603775290411,84,11,98,167,11.4799668790239,27.2769377876053,1.81079304368613,7.61782449262382,1,2,0,88,0.488365412237863,3,34,8,8,109,95,114,25.3595146763101,24,17,14,26,13.7931034482759,11,2,1,8,4,1,1,286,9,2,2,0,0,1,11,0,0,2,0,94,4,0,3,2,1,5,10,2,13,4,9,32,0,0,14,4,1,0,187,"australia","win"
"7",19323.216946,3344.865698,120318.91,38032.807451,50918.962712,8711.089084,117,3,5.13595796146468,582,163,271,66,294,288,8.42705824584376,14.3298023187922,8.7580281925098,5.86370839936609,17.424305613479,2.65391540206234,5,13,30,20,8,97,16,28.25309233755,6,17,13,50,123,23,87,66,176,53,320,15.2079874669722,5,60,47,0.439345861861696,208,20,154,301,11.7222036867128,8.88418640540604,1.54324596067061,6.70197681207774,6,9,0,140,1.43464842772542,4,30,12,15,174,182,279,6.32037701226124,16,11,9,14,31.0835457245072,19,6,0,21,4,5,1,448,10,12,0,0,0,4,14,0,0,2,0,90,5,0,16,4,0,5,7,4,10,0,10,28,1,0,9,5,0,1,382,"canada","lose"
"8",17684.366205,2675.53782,117348.15,40438.17249,49063.261515,7498.546785,93,3,4.86590127902355,618,235,196,40,365,253,5.85432479773125,5.75911333504805,5.89239366801506,4.47307503448921,17.3848995721,4.74810242722496,5,10,33,6,5,59,14,11.9109183418133,3,6,6,50,118,13,87,75,175,41,284,18.9319376094754,2,62,74,0.463988268585915,211,17,100,399,8.88418640540604,11.7222036867128,2.37717908082409,7.04982813851802,4,6,0,115,1.28603830055884,4,33,9,8,117,140,268,24.0442397175392,14,13,21,22,31.5779047460172,8,5,1,9,3,0,0,512,14,6,1,0,0,1,11,0,0,3,0,90,4,0,6,2,1,3,18,4,15,1,14,16,0,0,21,4,1,0,439,"belgia","win"
"9",13560.875166,2729.858326,110520.58,40638.417266,46197.60244,7393.826802,54,2,3.24324324324324,441,159,183,41,273,168,8.07290136873642,5.26846846846847,4.28648648648649,4.43603603603604,36.5279279279279,4.82288668272337,4,5,16,11,2,59,23,17.5938436233331,3,10,8,45,89,11,54,60,125,53,360,16.4542090113376,1,36,78,0.329828503653947,146,13,129,200,10.0513513513514,14.2072490160371,2.33213887093932,6.78198198198198,10,11,0,109,0.571171171171171,2,16,3,7,142,130,173,18.4522522522523,23,18,10,22,29.2589437819421,9,4,2,11,4,0,3,317,9,6,1,1,0,0,14,0,0,1,0,92,5,0,6,3,2,5,13,1,13,2,11,8,0,0,10,5,2,0,275,"maroko","win"
"10",13747.472655,1953.308856,106158.09,41327.344437,43482.353664,5636.994579,102,3,4.83169829054808,732,377,367,71,317,415,7.2027027027027,5.69523585736944,10.5210597427011,4.3588086706221,16.78317570346,0.711711711711712,2,7,22,9,3,98,21,14.4,8,12,3,40,104,13,85,51,149,36,194,16.3081081081081,4,61,38,0.569877219123259,291,31,209,441,14.2072490160371,10.0513513513514,0.29009009009009,10.3360159783822,6,6,0,144,0.666744992069553,1,22,5,4,240,282,211,12.0102214650767,21,17,11,18,46.9576576576577,19,3,0,10,4,0,3,671,14,6,2,1,0,3,10,0,0,1,0,92,5,0,5,2,0,5,10,9,17,3,14,18,0,0,11,5,0,2,598,"belgia","lose"
"11",15271.153128,2853.700332,110181.48,39422.933544,45471.896796,7161.7962,125,6,4.20897564055348,727,308,292,54,386,341,6.39128608522988,10.6855369074551,5.1665175987794,5.54795601620456,18.8877781869837,1.9054528791813,6,10,17,20,10,74,42,26.2085688101421,9,14,10,47,134,16,102,66,184,41,236,18.151443409195,7,77,72,0.538946730799891,265,22,147,467,11.7351502078182,11.4241255536887,2.79708263326715,8.50213079391803,6,7,0,144,0.705003419792708,2,17,5,11,169,213,275,14.8997737675593,42,31,4,9,34.7983809378341,19,3,1,24,10,4,1,585,12,9,5,2,0,1,7,0,0,0,0,92,5,0,11,5,2,13,6,6,12,0,12,24,0,0,4,5,2,0,526,"brazil","win"
"12",16151.434884,2082.200651,115038.71,38549.471721,51709.900145,6534.198728,69,3,6.4686115778219,414,162,244,57,210,204,6.47656126690167,3.60852298762792,4.1946693141897,5.72399572323201,16.9982434702917,5.15073394012732,4,10,23,7,4,84,16,13.8843583942758,3,10,6,46,91,15,64,61,140,60,338,15.460093649708,3,39,71,0.346525443329898,152,10,151,251,11.4241255536887,11.7351502078182,1.14694586205082,7.34496716053154,6,7,0,67,0.742706583167863,3,23,7,4,161,176,185,32.3239651748893,16,11,24,32,31.4357868153838,13,3,0,4,0,1,0,403,6,3,0,0,0,1,12,0,0,3,0,92,5,0,1,0,0,3,10,4,8,1,7,15,0,0,24,5,0,2,341,"serbia","lose"
"13",14771.953592,2263.444502,108298.78,39962.24982,44272.541264,7006.931066,99,5,3.63140519592364,659,287,314,47,309,350,13.6098084413004,10.0497583847663,3.50222477393426,6.54992584086886,26.2092722836228,1.57976313488594,9,17,20,11,5,70,23,28.4854145139496,12,19,11,36,114,20,93,51,164,34,282,15.1716874652253,5,67,85,0.511171460279649,235,20,163,408,10.9121573130472,10.6013035529767,1.81821794769891,9.10004306014066,6,6,0,154,0.851633893115162,6,20,9,16,183,228,218,11.1693220420076,23,16,4,16,38.6455766632223,26,3,1,9,5,1,3,565,17,2,1,0,0,1,10,0,0,1,0,92,5,0,6,4,1,3,2,8,18,1,17,24,0,0,4,5,1,0,498,"brazil","win"
"14",14914.282523,2107.334894,108625.51,38681.544111,46209.291954,6723.919069,86,0,4.84659407042365,568,228,340,74,288,280,5.66958518731161,1.53207217232334,2.65877116286464,4.96780860027025,28.7834830299658,1.25352853930434,3,15,33,10,4,132,14,12.9084732787905,3,7,4,49,100,17,81,75,173,59,344,16.5733696952299,6,47,80,0.400843131149891,210,16,205,267,10.6013035529767,10.9121573130472,0.535859528252237,8.21079405452667,2,2,0,128,1.35919243303394,2,33,10,4,221,257,212,29.1053970272633,14,9,9,21,37.0807616860437,11,3,0,4,0,3,1,488,10,1,0,0,0,0,17,0,0,1,0,92,5,0,2,0,0,2,10,3,13,3,10,18,0,0,9,5,0,1,415,"swiss","lose"
"15",14290.789032,2637.785826,111298.98,43306.433118,44007.616692,7056.355332,80,5,4.86546945877089,419,167,227,45,230,189,9.45136247590267,6.33608815426997,5.76026843969428,5.09745437975103,11.5909608732575,8.81831917886729,3,12,42,15,5,95,20,23.1334340645027,3,5,12,28,78,22,84,67,173,42,285,11.1681342155994,4,38,83,0.380668039132527,145,15,118,223,14.0433728950475,15.6919189287761,0.65909446152243,9.51138176018559,5,8,0,103,1.21584954120839,3,42,11,15,133,134,149,19.451521365397,20,14,16,30,23.2597822122649,20,1,3,13,8,2,0,364,13,3,2,1,0,1,8,0,0,2,0,102,5,0,9,6,3,4,9,4,17,4,13,24,0,0,16,5,3,3,271,"cameroon","draw"
"16",16761.824546,2548.924966,117461.98,41745.987692,48770.214096,7635.0287,140,2,4.92888032095035,583,198,349,74,264,319,6.18902628472006,6.74985671859532,8.06023029229407,5.23888917834627,9.22992757776272,3.06033679239421,7,13,26,12,16,115,16,24.6515047950455,4,20,12,43,122,22,102,60,184,43,234,11.3589759522774,5,67,81,0.490564842468797,225,24,212,299,15.6919189287761,14.0433728950475,1.4540483440005,11.1472932840098,5,8,1,124,0.40639816599802,3,26,8,11,236,252,261,14.5313395508779,16,14,13,23,25.9243149195302,23,4,3,16,6,1,4,513,8,8,2,0,1,3,13,0,0,2,0,102,5,0,11,4,2,5,4,3,8,0,8,20,0,0,13,5,3,3,433,"serbia","draw"
"17",15466.330087,2201.112836,117080.47,41797.72779,50391.434288,7235.573046,64,7,3.97601355755443,477,184,213,54,274,203,8.35190804844644,3.86613777305995,4.72465873326257,3.78978341434345,28.7911801404175,5.93495716625937,4,13,32,6,2,103,17,11.75712329135,2,9,6,39,85,17,87,70,174,49,287,12.3318205011145,3,40,73,0.333903656364368,146,14,123,253,12.2297335046651,19.561189139834,2.72309799393077,8.41574017170419,1,1,0,89,1.58481851872544,3,32,12,7,137,135,204,23.8020746037954,17,13,11,26,28.8906195450761,13,3,0,11,1,3,1,387,9,7,0,0,0,1,10,0,0,1,0,98,5,0,6,1,0,5,7,9,10,1,9,24,0,0,11,5,0,0,302,"tunisia","draw"
"18",15719.62065,1898.782875,115077.75,41163.311175,49955.251275,6329.27625,114,3,5.878561645675,681,253,297,62,359,322,9.2537758161536,9.10384832290464,6.99035905148105,6.05849021134893,11.3865241560813,2.84373428683167,8,14,33,18,7,82,14,22.0310259418589,4,17,12,58,136,21,90,79,190,48,226,13.0361100247686,6,66,76,0.557417575912249,245,23,170,432,19.561189139834,12.2297335046651,0.670428515559529,13.8142170421892,11,13,0,152,0.15038805489164,7,33,13,14,193,222,276,9.2972043934796,14,6,11,21,41.1075106616757,27,10,0,11,4,1,1,594,9,4,3,0,0,5,9,0,0,2,0,98,4,0,7,1,0,4,6,11,11,1,10,24,0,0,11,4,0,0,523,"denmark","draw"
"19",13480.44417,2241.326862,108276.66,40690.368828,44967.296898,6897.223242,80,6,4.95969824199017,268,77,207,56,151,117,9.62911451089476,2.41136981072768,8.06708727182918,5.30097218168347,26.6844787714138,7.38525730180807,4,7,30,10,2,80,24,25.3129346314325,0,14,12,33,84,20,74,59,153,49,243,10.0386339051151,7,39,62,0.323812530065562,91,33,139,118,11.6616897550461,26.0377066913924,1.53608406737753,9.2076607018568,6,7,0,76,0.552324928714161,4,30,6,12,172,130,115,14.8880756191203,24,18,8,15,20.8283109256684,20,5,0,15,5,2,3,269,23,8,0,0,0,2,11,0,0,1,0,102,3,0,11,5,2,4,6,6,22,0,22,17,1,1,8,3,2,1,198,"senegal","win"
"20",13055.578005,2070.167349,104028.51,40238.227668,42506.049186,6148.084941,82,1,3.06289599752743,453,196,248,42,248,205,5.70398976178181,4.24972956266419,6.77484160098903,3.85102766187606,10.5176943285427,5.98127483778262,0,4,25,6,1,67,14,13.8889512562024,3,13,2,39,77,10,72,64,146,50,190,11.1991737578302,6,36,59,0.513465505829231,145,16,187,236,26.0377066913924,11.6616897550461,2.73243674083388,16.5013135527739,1,2,0,83,0.973574408901252,0,25,3,2,203,180,174,13.4507804048833,14,8,15,29,40.3522755338018,19,6,1,8,4,1,0,432,8,3,1,1,0,3,23,0,0,0,0,102,4,0,5,3,1,3,9,3,14,3,11,23,0,0,15,4,1,2,353,"ecuador","lose"
"21",15609.73468,2538.071364,119158.28,46304.907608,47329.668816,7387.81336,120,3,6.77154282198884,1061,468,410,78,530,531,4.77987322706163,6.68805202794744,5.51039240673199,3.49782484510261,8.10739552665114,2.26010417974143,10,16,26,11,2,115,30,19.3297351575248,5,11,16,80,178,25,116,97,238,33,139,20.4703778084599,3,82,63,0.722607404583986,386,22,207,600,24.5792503405546,8.19552529182879,1.33205723609891,16.0170496989937,12,13,0,207,0.171375840400756,5,26,11,16,229,313,386,8.01072197565584,30,28,8,9,40.9933161792394,23,7,6,13,7,3,2,809,12,3,1,1,0,2,9,0,0,0,0,118,5,0,10,6,6,3,5,8,16,2,14,18,0,0,8,5,6,2,730,"england","win"
"22",16213.50937,1932.494745,121540.55,43268.4358,52262.4365,7863.673585,57,0,4.89833061378185,212,73,155,29,106,106,9.24330975084589,6.39042299485377,1.86707669135183,7.41025480105435,26.2410568595456,7.5625082392231,3,6,21,0,3,58,11,16.9969679659006,0,3,4,19,45,7,48,46,101,55,416,8.42817594586281,1,22,72,0.19691155886182,69,14,102,99,8.19552529182879,24.5792503405546,3.79223975040647,7.08390862307016,3,4,0,53,0.685640768168696,2,21,5,4,116,91,86,27.530751851387,11,8,13,25,14.4219361075713,8,1,1,8,3,1,2,224,9,4,0,0,0,0,14,0,0,2,0,118,6,0,6,3,2,2,5,0,10,1,9,18,1,1,13,6,2,6,154,"iran","lose"
"23",17616.683708,2359.794502,116821.51,38691.284112,51062.682021,7079.383506,74,0,5.14544483774645,539,172,218,39,320,219,4.27995733080479,3.50610057545136,4.8112479977852,6.25086515454132,37.4280685795646,3.24522934692426,2,6,17,8,1,69,15,18.4188692663269,0,12,5,42,88,15,63,65,143,61,350,11.8525542254356,6,41,61,0.402498238774678,177,13,122,303,10.7041863592319,13.6292521038284,1.81581130733673,7.81110957305859,2,3,0,129,0.804840910439202,1,17,4,6,135,155,238,14.8865905989836,15,11,8,21,36.4987554818063,16,2,0,10,2,1,0,427,9,7,2,0,0,2,15,0,0,0,0,92,4,0,6,0,0,4,3,7,10,1,9,16,0,0,8,4,0,0,368,"usa","draw"
"24",15341.733225,2562.57522,112393.65,40439.23527,47182.85427,6867.252015,102,2,6.1633281972265,676,270,337,69,373,303,4.39696256599893,5.51380822567263,5.10608036031765,5.00177788313381,28.054995851606,1.89543000652574,5,15,40,11,7,104,12,19.6246712412743,2,11,10,75,147,23,87,98,208,46,266,15.0111728529336,5,62,52,0.515058953982225,279,19,173,364,13.6292521038284,10.7041863592319,1.49103205521169,8.46509422780609,9,10,0,116,0.457508593101813,5,40,15,10,192,272,290,12.6585279127652,12,8,10,13,41.0152464948882,13,4,0,8,3,0,1,550,14,4,1,0,0,3,9,0,0,0,0,92,3,0,6,2,0,2,7,3,15,0,15,18,0,0,10,3,0,0,488,"england","draw"
"25",14174.2125,2062.75125,115237.5,45115.48125,47777.4675,6107.5875,106,4,1.77146240378922,691,359,328,45,349,342,5.9763008758372,6.04381290704559,4.44286560094731,7.95263469508585,31.0740082889284,1.17166076681458,19,21,15,19,3,57,29,24.2708281398016,6,30,27,25,135,32,102,39,173,38,250,19.4429210084592,8,83,64,0.561718685764689,278,34,146,599,10.2877442273535,7.48948829170198,1.05033986471888,6.0461811722913,6,6,0,150,0,3,15,4,26,180,247,182,8.27235050325637,29,24,4,5,43.6771866846155,34,17,4,22,7,5,0,734,11,9,0,0,0,7,5,0,0,0,0,102,5,0,18,7,4,4,8,8,11,0,11,17,0,0,4,5,4,1,672,"france","win"
"26",15578.66268,1814.28525,120952.35,40180.37067,56968.55685,6410.47455,66,1,4.38749563743331,521,218,214,44,273,248,5.94908229721729,1.94778215419388,1.45086503465124,3.60306459922554,37.0194944408436,4.06867969212552,5,11,23,9,5,75,11,13.0965068087626,2,11,7,43,84,15,57,61,133,54,316,14.1823564239195,1,34,56,0.352517793105193,210,7,115,343,7.48948829170198,10.2877442273535,1.43753700414446,4.6018846288079,5,5,0,95,1.02374898206777,4,23,10,7,122,156,208,32.3045985607685,11,10,22,30,37.0207223208999,9,2,1,4,1,0,0,466,5,3,0,0,0,1,11,0,0,3,0,102,5,0,2,1,1,2,10,1,5,0,5,21,0,0,22,5,1,4,399,"australia","lose"
"27",13561.46022,2145.378543,111159.51,41818.207662,46809.269661,6825.193914,105,4,6.40784179436692,615,176,276,47,315,300,8.46182580363999,6.84872870473418,4.26547384641726,5.09588220186628,26.30553890934,0.919335090377073,8,11,30,25,3,72,22,20.2004690061635,5,13,15,57,132,23,80,70,173,36,282,10.5121713325171,4,60,61,0.44995000685971,201,16,174,367,9.77763033986816,8.74509722539274,0.933861829954137,6.29226949747453,14,15,0,171,1.23277116685215,8,30,10,17,190,194,268,23.9512884170876,22,14,21,29,46.7470479589931,18,4,1,10,2,1,1,537,4,6,0,0,0,2,9,0,0,2,0,96,4,0,5,2,1,5,6,4,5,1,4,22,0,0,21,4,1,2,473,"denmark","lose"
"28",13923.81408,2706.19584,109120.8,45023.24208,42044.24424,5434.21584,105,2,2.07109801398718,630,293,266,53,315,315,5.72938960705419,1.26590159171561,3.16475397928902,3.6565878763982,36.5990827401581,4.93964557828953,9,11,21,13,4,81,21,22.5943840424621,7,15,12,31,105,16,90,49,155,35,269,16.3599006934338,1,62,79,0.441497883098795,251,24,121,383,8.74509722539274,9.77763033986816,2.1017036212653,7.04131819785419,7,7,0,111,1.42569572706332,6,21,8,11,145,187,226,22.57870379978,21,17,10,15,35.3330194332677,23,12,2,21,6,5,1,503,9,8,1,0,0,7,4,0,0,1,0,96,4,0,16,5,2,5,11,6,10,1,9,22,0,0,10,4,2,1,437,"france","win"
"29",16726.862228,2911.624299,119819.93,41577.51571,50456.172523,8135.773247,54,2,2.89125410354929,346,98,180,47,182,164,6.80603464614685,6.85127118020286,4.8050170030473,5.43655875988164,26.6837433202314,8.12137523217467,5,10,19,11,3,76,12,16.4777680906713,0,5,11,33,70,17,50,46,113,68,487,12.3611690231606,3,26,87,0.227402029624947,106,17,112,138,8.38522575041588,20.5507751791062,2.9642545771578,5.87525210145888,2,2,0,102,0.805252543096468,4,19,8,10,129,117,146,28.1970881361422,12,7,26,39,21.6860619385164,16,3,1,10,3,0,4,261,6,6,0,0,0,4,14,0,0,0,0,98,5,0,10,3,2,0,8,6,10,4,6,13,0,0,25,5,2,1,207,"japan","win"
"30",16361.975392,2749.003936,120043.84,42579.550048,50970.614464,7394.700544,164,3,4.43121943823206,865,300,425,91,444,421,7.88396708327813,11.4931200485198,10.8942041620863,2.31227019445813,8.45305333383875,0.844999926393735,10,12,26,21,14,129,19,22.9180467841423,9,24,20,73,185,23,129,89,241,24,164,19.2082910097308,5,92,55,0.655445380378933,298,31,211,608,20.5507751791062,8.38522575041588,0.85824905415949,12.5506993669687,4,5,0,199,0.363898260111444,7,26,9,19,242,321,366,6.75107084644252,19,14,12,18,42.2845912644084,28,9,0,25,9,5,4,820,12,11,4,0,0,4,6,0,0,0,0,98,5,0,15,5,1,10,8,6,17,4,13,33,1,1,10,5,1,2,743,"germany","lose"
"31",15800.970399,2543.100499,120526.09,43558.128926,51139.219987,7484.670189,77,2,5.07175869618098,492,175,327,72,304,188,5.83794272459631,4.15349063488202,2.05140679477824,5.60488121300576,21.2600340549745,4.27112142028727,4,15,39,4,5,124,19,16.0696761530913,2,12,8,48,102,23,87,85,195,65,295,14.238558301365,3,46,63,0.429837629846032,177,23,195,258,14.9071596529636,16.8915603532875,2.25488446783834,9.33471174896619,11,14,0,94,0.889888915916646,3,39,12,9,218,241,223,22.3931727884537,19,16,13,21,30.6405566955125,18,3,0,6,2,0,2,463,8,4,0,0,0,2,13,0,0,3,0,100,5,0,5,2,0,1,10,1,11,1,10,21,0,0,12,5,0,1,379,"iran","lose"
"32",19473.838058,3350.608618,125962.73,43091.849933,51569.141662,8477.291729,117,5,5.81006334195736,697,302,280,60,359,338,10.2316954512284,3.46150414845214,5.16995271656704,5.65616914979035,24.8617182621108,2.84196870185681,7,13,31,17,7,84,37,25.5452850077029,7,11,16,52,133,27,90,68,185,59,302,15.4848779696749,5,65,74,0.457832558269804,247,26,149,332,16.8915603532875,14.9071596529636,1.24462823319549,11.0246230707467,8,9,0,133,0.211883308056026,5,31,10,17,175,200,262,16.3507003300919,37,29,6,17,34.0164599043217,22,2,1,12,5,2,1,470,12,4,0,1,0,2,10,0,0,1,0,100,5,0,8,5,1,4,7,5,15,2,13,22,0,0,6,5,1,0,413,"usa","win"
"33",11893.591937,1416.148134,102619.43,40113.935187,43982.687698,5213.067044,106,7,2.47179558459008,699,268,271,45,308,391,5.10169253317807,7.09106493386151,8.66170917599092,8.18912595269535,33.2360367873607,0.385487983616761,3,15,18,10,9,74,23,20.7380488686329,6,28,7,33,95,22,88,48,158,54,300,15.0581243600297,3,55,47,0.485206426538002,237,20,132,455,13.7327124887066,11.8276547473247,0.622402473547895,10.9157458243566,2,2,0,176,0.646327055389534,0,18,8,5,152,206,255,5.45323974332245,23,17,4,7,47.1670648703997,17,1,0,14,3,5,0,575,9,4,1,2,0,1,22,0,0,3,0,92,5,0,7,2,0,7,4,5,11,1,10,19,0,0,4,5,0,1,510,"japan","lose"
"34",11641.911785,1077.005055,102571.91,40710.791079,43870.005907,5272.196174,58,2,2.90722187644307,429,175,220,43,249,180,6.26751916973614,1.4355411889895,0.246953239504487,4.60979380408376,18.768446202341,5.62350869877453,0,3,33,4,3,71,15,7.99684944517803,0,8,0,47,85,4,72,78,154,47,294,14.8886881182385,1,38,66,0.399443759694254,170,20,112,308,11.8276547473247,13.7327124887066,1.4038501633192,8.13741040416006,7,8,0,77,1.07615395426346,0,33,3,1,132,166,177,45.3269620736041,15,12,14,21,38.637153381055,5,0,1,4,1,1,2,444,21,1,0,0,0,0,9,0,0,3,0,92,4,0,1,1,1,3,7,0,22,0,22,15,0,0,14,4,1,0,371,"costarica","win"
"35",15464.133438,2638.854296,111815.86,40667.428282,46314.129212,6731.314772,119,0,5.26062459299527,695,286,343,78,398,297,6.31792642414797,4.6717064469549,5.07375633511708,6.74141396981795,20.2610492935814,1.7594225484969,9,12,34,27,6,110,12,35.0285034655293,5,22,19,63,148,24,99,78,201,50,220,11.9017348152401,8,66,53,0.538865865339256,281,15,216,357,18.1233896769444,11.2609194930894,1.83529508263954,10.0937172626632,16,19,0,175,1.96211670772106,3,34,6,19,231,252,234,12.6730654888304,12,9,8,14,33.7314932534963,46,16,2,21,6,6,1,540,9,8,1,1,0,6,13,0,0,2,0,100,4,0,15,5,2,6,3,12,10,1,9,23,0,0,8,4,2,3,477,"korea","lose"
"36",14660.09341,2764.155017,111909.11,40432.761443,47673.28086,6378.81927,56,3,3.76491818069967,389,160,185,34,214,175,6.5078286474702,2.20235409916745,1.44567936677193,4.1176229340114,20.8505926260099,4.42113310116368,4,8,23,7,4,68,22,17.3815793199128,3,8,5,29,66,12,62,48,122,46,324,16.8945893145333,3,32,75,0.322994465289976,121,11,119,201,11.2609194930894,18.1233896769444,2.46609473654407,8.17577820612722,3,4,0,72,0.885863101341098,3,23,7,5,130,119,157,35.3483984743469,22,18,21,28,27.7315326028483,13,4,2,8,3,1,1,319,13,3,0,0,0,3,9,0,0,2,0,100,5,0,7,3,3,1,10,5,14,0,14,13,0,0,21,5,3,2,260,"ghana","win"
"37",18069.223612,2768.863856,119347.58,38322.507938,52095.21867,8079.831166,96,9,4.37286833962008,592,224,333,68,289,303,6.5880791998367,5.58353849976283,6.42829715628035,7.62315632552571,16.6625256928602,3.94162073892631,5,12,40,13,3,109,32,24.9520310267402,4,8,6,66,134,15,98,88,201,45,316,19.661155337824,4,62,72,0.469103704773059,193,30,177,325,14.4173649854313,11.7064707083078,1.37987344355991,8.94224470896483,7,7,0,121,0.779255979942629,3,40,8,6,207,245,247,15.4947710794389,32,23,13,24,30.2367830169422,15,5,1,9,2,3,3,511,13,3,1,1,0,2,5,0,0,2,0,100,5,0,2,1,1,7,3,2,14,1,13,26,0,0,13,5,1,4,434,"canada","lose"
"38",17605.792634,2692.090078,119119.03,40238.408334,50458.821108,8123.917846,119,4,5.23984486629924,573,204,283,62,320,253,11.9339100580489,8.61196162482139,6.0093896713615,7.50357215758318,19.0508266993264,3.39258690398211,5,14,31,3,3,109,31,25.9096966548461,3,7,10,49,124,24,99,70,193,66,347,14.1530955661464,3,65,87,0.415755105217962,228,24,162,297,11.7064707083078,14.4173649854313,3.26835768978836,8.26495203102674,6,9,1,113,0.892018779342723,4,31,12,15,186,193,256,19.8734435599102,31,25,9,12,25.3427596955255,22,5,4,13,10,0,1,462,5,2,2,0,1,0,13,0,0,2,0,100,5,0,9,8,3,4,3,5,8,3,5,32,0,0,9,5,4,1,391,"kroasia","win"
"39",13808.006586,2312.138818,108043.87,38398.791398,47074.714159,6450.219039,55,3,2.64534209164093,498,199,193,34,256,242,8.97458498604378,3.07730753440551,2.00274887099941,6.15461506881102,42.1630401799261,5.27104451300132,3,9,27,11,6,62,8,16.2802996914941,1,8,4,39,81,10,70,62,142,74,391,15.3871015131482,0,38,87,0.320851758257454,164,13,129,225,11.867447298431,16.9590127809608,1.67768473630087,8.36442175535048,6,10,0,106,0.415900612248541,2,27,8,4,142,135,193,14.8403334344823,8,5,7,19,30.0190979873659,10,1,0,8,2,6,0,360,11,0,1,1,0,1,17,0,0,1,0,94,4,0,3,1,0,5,5,0,12,1,11,22,0,0,6,4,0,0,290,"maroko","draw"
"40",13306.611582,1931.262606,106113.33,39590.883423,45374.059908,5910.512481,102,2,4.65403261348612,626,330,356,62,278,348,6.00824661299823,5.15058028500073,3.71970030850595,3.98707213162921,26.6490377552519,1.3423058386734,5,10,25,7,6,97,14,12.6162468985952,3,12,9,46,116,18,91,60,169,41,217,16.8216625314603,5,61,58,0.576557698589689,247,27,194,458,16.9590127809608,11.7103689556075,0.987094586152116,10.4451300132217,7,8,0,99,0.89319817834582,4,25,8,9,221,268,197,14.6055531070956,14,10,8,15,43.2179640504793,19,4,0,6,2,2,1,667,15,2,0,0,0,1,11,0,0,0,0,94,4,0,4,2,0,2,5,5,17,0,17,26,0,0,8,4,0,0,592,"kroasia","draw"
"41",12041.641638,2438.139642,106468.98,42576.945102,43758.75078,5664.149736,80,4,3.91279566828156,547,217,269,71,310,237,11.7105288942016,5.45454545454545,5.30635508691935,4.57680250783699,19.8290111142776,1.74207834453567,14,23,23,27,1,107,20,23.6503301914523,6,20,19,40,117,32,85,53,170,39,193,12.4434167466834,3,58,61,0.546024940933486,194,19,177,316,17.324023938444,11.5194685583273,1.02290764437303,10.9575377600456,9,11,0,128,0.638358506697065,7,23,12,20,196,186,202,9.80621259618125,20,18,8,15,43.0767572651917,33,8,0,13,4,3,3,485,15,5,1,0,0,3,14,0,0,2,0,94,3,0,10,3,0,3,7,6,16,0,16,21,0,0,8,3,0,0,422,"mexico","draw"
"42",11913.49944,2328.050808,109298.16,43533.457128,45861.507936,5661.644688,82,2,5.01459896925398,296,123,176,34,150,146,10.3419777714449,2.10852227077659,3.1020360173228,2.92175344398503,29.2253728126041,11.1912225705329,2,11,34,13,6,66,14,12.8127671701339,6,8,2,37,82,12,72,66,150,65,290,10.2165859219151,4,43,70,0.31601668425924,110,20,118,177,11.5194685583273,17.324023938444,2.41949273297236,8.3380690168721,1,2,0,72,0.585918363347769,2,34,10,3,138,111,101,28.0006270698203,14,11,15,37,30.3733257338273,10,2,0,8,1,1,0,322,13,4,0,0,0,3,16,0,0,1,0,94,3,0,7,1,0,1,9,5,16,3,13,23,1,0,13,3,0,0,241,"poland","draw"
"43",13186.784674,2121.026292,107122.54,41027.93282,44970.042292,5827.466176,89,0,0.588112617309698,541,179,256,44,242,299,9.18902787794385,5.13242961418144,9.30761209593326,5.4577685088634,30.2335766423358,3.71540125836214,4,13,29,4,2,94,15,18.4899654323444,5,10,10,34,84,22,73,60,155,55,279,13.3271990251424,5,40,52,0.392797767099443,176,35,181,233,8.15432742440042,18.1728880157171,2.06659869190023,8.68196037539103,2,3,0,86,0.659019812304484,3,29,11,12,216,163,276,12.1397288842544,15,11,2,6,28.8229588918455,22,4,0,13,5,5,4,425,14,3,2,0,0,1,12,0,0,1,0,96,3,0,8,3,1,5,5,5,16,1,15,29,0,0,2,3,1,1,345,"ecuador","draw"
"44",14651.41857,1805.89752,107493.9,40277.96433,45039.9441,5718.67548,93,0,4.99863221506553,632,236,245,47,342,290,5.59749739311783,3.78254706423615,2.98425803884509,9.72619432493596,21.0240978836637,2.64025026068822,3,7,28,11,2,72,20,10.5422314911366,8,8,4,53,115,9,84,75,168,53,254,16.8091762252346,4,58,85,0.480477023493783,218,26,123,372,18.1728880157171,8.15432742440042,0.177267987486966,10.653801198677,6,7,1,129,0.231279998010495,3,28,7,4,149,192,267,13.7748377309691,20,18,14,22,42.6225234619395,8,0,1,2,1,0,1,524,11,1,1,0,1,0,15,0,0,0,0,96,4,0,0,0,0,2,7,2,16,4,12,21,0,0,13,4,1,1,451,"netherland","draw"
"45",13326.998104,2340.190104,109868.08,40837.965336,48001.364152,5361.562304,92,5,1.29435282358821,574,229,316,74,272,302,8.9315487217488,2.26386806596702,1.20939530234883,3.31500916208562,23.7481259370315,3.8683308632827,6,10,26,6,5,103,19,20.9730455724342,7,10,10,44,107,15,76,70,161,40,322,19.5952204520193,4,53,52,0.387119418883333,202,21,173,273,6.75828752290521,12.5439977769544,1.45887365690997,4.3728135932034,10,11,0,100,2.08229218723971,6,26,9,11,194,250,245,45.3739796768282,19,16,14,18,28.0196369025565,16,4,0,6,4,0,0,459,17,2,3,0,0,1,9,0,0,0,0,96,5,0,2,1,0,4,9,2,24,3,21,13,0,0,13,5,0,2,394,"qatar","lose"
"46",15195.142842,2032.833011,113566.09,41621.971985,48753.922437,5962.219725,142,0,4.5387180437199,785,306,310,53,369,416,3.59986673330002,7.76213412374954,2.57734346054094,8.58882919599852,16.4296961837718,0.408129268698984,7,10,15,21,8,62,18,22.0056638347493,9,25,10,70,165,13,98,74,185,53,319,19.911710811261,11,85,62,0.541427986704934,319,19,179,618,12.5439977769544,6.75828752290521,0.566383474929202,9.73277139681363,1,3,0,157,0.0949425713227121,7,15,10,16,198,248,322,20.1718228973694,18,14,5,14,49.0463101782442,11,1,1,13,4,2,4,795,7,5,0,0,0,1,19,0,0,1,0,96,5,0,10,4,2,3,7,4,9,0,9,13,0,0,6,5,2,0,740,"netherland","win"
"47",12000.906675,1958.89239,107631.45,43709.131845,44376.446835,5586.072255,150,3,0.993485342019544,907,424,445,59,581,326,7.5803448324876,6.36482084690554,9.56351791530945,6.60586319218241,29.9543973941368,0.0483277187895328,9,10,11,26,7,73,26,31.8209600159197,8,25,16,36,126,20,83,38,141,27,141,20.0019899648913,10,74,48,0.674174447425547,401,13,248,644,14.5700325732899,6.62374028115361,1.95158699700084,8.60586319218241,4,5,1,224,0.429967426710098,4,11,5,36,261,359,259,6.33876221498371,26,23,4,8,49.0739556237829,22,5,2,25,13,2,0,862,6,8,8,0,1,2,11,0,0,1,0,96,5,0,10,5,1,15,2,9,5,0,5,18,1,0,4,5,2,0,814,"argentina","win"
"48",11400.026583,1482.114893,111437.21,42914.469571,51105.104506,4524.350726,46,1,3.43268943755064,328,137,121,12,187,141,8.26872964169381,0.952340340852558,1.41429647634074,2.46187085127855,31.3277330035677,7.16938110749186,0,4,16,3,1,26,15,8.53745928338762,2,6,0,27,44,4,31,44,79,59,438,14.6384364820847,2,17,67,0.241427415770181,115,19,65,226,6.62374028115361,14.5700325732899,1.19543973941368,4.24999644649127,4,4,0,69,1.13001577757878,0,16,4,3,84,70,122,43.1438602476085,15,10,25,31,39.4869706840391,5,2,0,4,0,2,0,321,11,2,0,0,0,1,6,0,0,1,0,96,5,0,1,0,0,3,10,1,12,0,12,16,0,0,25,5,0,2,261,"poland","lose"
"49",14658.568353,3086.613849,113897.19,44943.831174,43690.962084,7528.604259,119,6,6.18921011005284,661,241,341,89,345,316,10.3457520753068,7.16521387944671,5.02473664725878,5.30744118735907,13.8188671625215,0.955236922588076,11,16,30,15,5,123,30,30.1981967668904,6,21,19,62,153,27,102,76,205,38,173,17.5060571156214,7,72,53,0.578150553727386,253,12,207,371,23.5183253121529,10.9772808515709,1.08432299320809,14.9631474438798,13,15,0,156,1.60872345438024,9,30,12,22,219,253,264,11.1197119106115,30,28,9,24,35.4241966874528,24,4,0,16,5,2,0,560,16,9,1,1,0,1,15,0,0,2,0,110,5,0,9,4,0,7,7,5,17,1,16,20,1,0,8,5,0,2,494,"saudi","lose"
"50",14436.126164,2547.551676,114754.58,45810.028336,45224.779978,6747.569304,95,2,6.56948802478453,428,124,184,37,222,206,15.9458822737522,2.59760892878421,4.03741510108432,4.23005123724034,22.0121539500338,9.71628580082792,5,13,34,13,4,56,12,23.5789048564601,2,7,12,26,84,22,80,48,150,52,329,9.17106990206307,8,46,69,0.304177819564501,129,18,144,144,10.9772808515709,23.5183253121529,2.70588631238852,6.98256345076856,5,5,0,140,0.49847082654804,4,34,8,14,162,125,164,34.1144695555467,12,9,16,25,22.4750109379733,19,8,1,8,3,1,0,303,14,3,0,0,0,3,18,0,0,3,0,110,2,0,8,3,2,0,18,4,15,0,15,21,0,0,16,2,2,0,236,"poland","win"
"51",14056.549659,2070.085698,111294.93,39799.066968,49270.265511,6098.962164,69,4,2.79660554959932,459,185,280,58,207,252,6.06069144290102,3.18729443404627,4.66282640693427,4.41932728825571,29.4415874688812,5.31543208137274,4,12,29,3,6,97,22,12.9892085317404,9,7,4,42,88,12,71,67,150,44,326,19.9684427037841,3,42,82,0.352167488988213,141,13,181,212,12.3712089549527,18.2482882984419,2.0286833281677,9.35109302029765,2,3,0,87,0.643273791135905,4,29,11,5,194,200,187,24.9459395613382,22,20,11,21,23.093178552309,12,3,2,8,3,0,1,394,14,5,1,0,0,1,19,0,0,4,0,94,5,0,2,2,2,6,12,3,15,1,14,11,0,0,11,5,2,3,326,"ghana","lose"
"52",15409.639749,1767.002622,114740.43,42017.945466,48982.689567,6551.678553,125,2,5.51407399058916,762,286,395,86,423,339,4.65737493412804,8.62190414471274,4.56453748837733,7.57656870755966,17.5171170155814,1.3001762642874,8,13,25,10,7,114,32,25.2039759408334,6,24,18,70,149,26,90,82,198,55,286,16.9649833730079,4,61,70,0.555235339691684,307,26,211,423,18.2623763771097,12.3712089549527,1.71357961876034,12.9779380688062,13,13,0,168,0.160604096813277,8,25,13,20,237,304,308,11.3803499478741,32,21,8,19,40.9505551416474,17,4,2,11,5,3,1,636,19,3,1,0,0,1,14,0,0,2,0,94,5,0,7,4,3,4,6,3,19,1,18,9,1,1,8,5,3,2,573,"portugal","win"
"53",15545.860148,2606.018646,112814.66,40162.01896,46772.958036,7739.085676,94,2,3.69269081380438,413,143,227,49,202,211,8.20390223621299,6.40784998792024,5.11810291958594,7.03599769555279,18.2701778512888,4.46648650253913,2,6,20,9,4,82,17,22.0087310307962,8,13,11,27,86,17,81,52,150,53,362,10.3376592522199,5,48,81,0.351627157154385,145,16,164,222,14.0385437380364,18.8845662697116,1.04534790484958,9.45380884238696,2,4,0,115,0.466464717798138,1,20,5,6,180,142,155,22.2472077161813,17,17,14,19,27.7507201615538,18,5,0,10,3,1,0,390,10,6,1,0,0,2,16,0,0,2,0,96,5,0,6,2,0,4,11,2,13,3,10,18,0,0,14,5,0,2,306,"uruguay","lose"
"54",14757.1509,2349.569908,115742.36,43206.622988,48634.939672,6794.076532,127,3,4.68030766489472,752,283,414,69,417,335,8.05906075191882,3.0618002553975,4.53182074659223,5.15843554182876,17.7055801383898,4.36544072552919,4,8,29,11,4,103,16,25.9473322306677,9,17,7,51,112,11,83,76,170,42,226,18.4225687152707,9,54,68,0.53173395401469,265,15,283,320,18.8845662697116,14.0385437380364,1.95320485420655,12.7966026193092,9,10,1,142,0.947346538769934,4,29,8,11,298,330,327,15.992041101179,16,13,11,16,31.1146834172722,16,4,0,14,4,1,2,596,13,7,2,1,1,0,10,0,0,3,0,96,5,0,4,2,1,10,8,6,15,0,15,19,1,1,10,5,2,0,517,"portugal","win"
"55",13447.689056,1721.960184,102497.63,37975.371915,43663.99038,5688.618465,52,1,3.70461538461538,520,169,275,53,263,257,5.4896400766112,7.62830769230769,3.17046153846154,4.29046153846154,32.6596923076923,1.89289356515683,2,7,24,9,3,96,17,8.93216924110141,0,15,4,55,86,9,52,75,136,37,256,16.6878093674601,1,27,52,0.421454878225647,174,15,182,257,13.1581538461538,13.5263537546949,0.669104295699326,9.51876923076923,9,12,0,116,0.268307692307692,2,24,7,5,197,200,235,13.4990769230769,17,14,6,19,40.0442753028381,9,4,0,5,0,0,3,450,15,5,0,0,0,2,15,0,0,4,0,100,2,0,2,0,0,3,4,1,19,3,16,20,0,0,6,2,0,2,381,"qatar","lose"
"56",13639.315248,2273.219208,105241.63,38413.19495,44938.17601,5988.248747,58,4,1.54217346964157,532,218,232,56,296,236,8.09969230769231,4.81307365122006,6.35275974429769,5.66126905952292,34.6242817700172,4.90092307692308,4,7,25,6,6,77,20,19.0227692307692,7,8,7,52,99,13,68,74,155,44,279,17.9052307692308,4,40,72,0.505504255923261,179,15,134,343,13.5263537546949,13.1581538461538,1.68369230769231,10.5464766310972,9,9,0,127,0.129343581324777,4,25,6,8,149,172,187,12.6507972041887,20,14,5,10,34.7076923076923,14,4,1,6,3,0,4,480,15,3,0,0,0,2,15,0,0,2,0,100,4,0,4,3,2,2,7,3,17,3,14,17,1,1,5,4,2,0,409,"ecuador","win"
"57",14814.901952,2642.291964,112918.46,40278.014682,48724.31549,6458.935912,79,1,4.34024534528925,511,203,268,68,254,257,6.77549944904901,4.38591028914212,3.19654606970131,4.13060173941922,18.6479025261017,4.78369185071624,5,9,31,11,2,102,19,14.4037752119964,5,7,7,56,117,13,84,77,174,49,308,11.4310353087721,5,54,67,0.425882609072044,165,19,155,256,9.64879506818606,10.6034111052556,1.70555262779668,8.41065238599332,12,15,0,109,0.759698611370571,4,31,8,9,174,182,199,33.9269776034207,19,16,12,22,31.0472859675178,18,5,1,10,2,0,4,424,12,7,0,0,0,1,7,0,0,3,0,104,4,0,4,2,1,6,12,6,15,2,13,20,0,0,12,4,1,3,353,"qatar","lose"
"58",15668.876482,2397.361043,114706.27,40399.548294,48727.223496,7501.790058,95,2,5.23642983758923,553,227,256,36,292,261,8.82475039956826,7.55761030996982,6.92042351363005,5.47118286781967,25.3509318258037,3.88567158602653,7,13,33,18,6,71,24,24.3103555638583,4,26,9,49,113,19,91,74,184,25,232,15.1130207360359,4,55,67,0.484249506221199,206,10,138,382,10.6034111052556,9.64879506818606,0.958963820910393,8.37445503760839,9,9,0,136,0.459924304124946,7,33,12,12,148,178,190,9.87879078235041,24,19,11,20,38.4031799406356,20,6,2,12,4,1,3,511,6,6,0,0,0,3,12,0,0,3,0,104,5,0,10,4,3,2,8,7,11,4,7,22,0,0,10,5,3,1,445,"senegal","win"
"59",14690.78386,3198.97949,111462.7,43035.74847,43024.6022,7512.58598,95,1,4.27220421929767,337,75,202,50,162,175,13.6763631533506,3.31547737142605,4.62491457796001,5.58164142583163,20.4858585190574,11.051338247991,0,10,38,11,4,74,12,15.7069801421266,3,5,5,37,86,17,91,70,178,50,269,6.664674237896,3,44,82,0.292338333169064,99,18,137,124,20.3039922403721,21.9798100551239,2.09205020920502,11.4013623437603,1,3,0,100,1.24991733350969,0,38,8,6,155,117,162,11.9679033573617,12,8,26,55,13.809191738062,9,2,1,10,2,0,2,297,16,8,1,1,0,3,20,0,0,6,0,102,4,0,6,1,1,4,14,1,23,6,17,26,0,0,25,4,1,2,197,"saudi","lose"
"60",13667.350928,2795.594508,110936.29,42743.752537,44918.103821,6811.488206,119,1,1.47771800491466,492,140,255,75,239,253,9.29171351101118,6.69456066945607,5.92415487812977,5.48914126319984,11.174204688849,3.26036637788506,9,23,39,16,3,124,22,24.819787051121,5,16,16,43,121,33,100,65,198,58,229,10.5702885611622,7,62,76,0.550789983555788,142,19,162,273,21.9798100551239,20.3039922403721,2.49763022727774,16.4109716410972,4,4,1,194,1.13236368466494,9,39,20,17,181,146,158,6.42890350003321,22,19,10,21,28.56953905165,34,6,1,25,10,7,6,412,20,8,7,4,1,1,18,0,0,1,0,102,5,1,10,3,1,15,11,8,22,2,20,23,0,0,10,5,2,1,336,"mexico","win"
"61",14883.88097,2702.165844,109844.14,40027.204616,45607.286928,6634.586056,107,5,3.02813817896896,502,149,266,63,259,243,13.4076117200165,3.80706565575093,5.10911898232434,3.91998709469269,25.9581038416334,4.02603372771043,8,15,28,13,2,108,19,30.775930899325,4,12,15,30,89,22,78,51,151,41,263,13.4378553628027,4,44,63,0.441475531512825,172,21,166,217,12.6391353444104,16.4162493043962,3.00742783866831,7.86762841933031,9,10,0,123,1.28131265411472,6,28,13,15,187,182,230,20.3028138178969,19,15,9,29,29.291572911374,19,7,0,14,3,2,2,383,13,8,2,0,0,1,13,0,0,2,0,94,4,0,7,1,0,7,6,6,14,0,14,17,0,0,9,4,0,2,313,"senegal","lose"
"62",15538.053765,2178.645261,110591.13,40797.067857,45165.417492,6911.945625,87,3,4.93818199414483,506,198,249,55,253,253,8.56474546585855,4.68171590331712,3.55423290024437,3.75505068834531,13.5685078996395,3.05579240891388,3,12,22,20,2,81,23,21.2637983084829,2,11,10,40,96,22,82,58,162,51,251,10.8012813126541,7,46,73,0.459724157479885,177,21,126,295,16.5106094698894,12.6391353444104,1.32970755651833,10.2997749872977,6,7,0,117,0.295177953594154,0,22,7,14,147,172,191,27.5531683240183,23,15,15,22,38.1455534302768,25,8,1,9,3,1,1,438,13,5,1,0,0,4,13,0,0,1,0,94,4,0,5,2,2,4,10,7,14,2,12,28,0,0,14,4,2,0,374,"netherland","win"
"63",16045.586912,1760.816587,116610.37,40160.611428,52847.819684,5795.535389,47,2,3.52146708719097,250,94,140,38,111,139,7.9942274076182,4.64441957472785,3.4438905280293,5.6134906908129,39.1748906297691,8.61620391072808,1,6,23,1,1,61,9,13.9192650107728,0,5,1,25,58,11,58,50,119,47,585,11.8134883531851,0,32,76,0.178951399802684,59,9,91,126,5.36804354461288,19.8422700109761,2.75214439611366,4.17896021975786,1,1,0,52,0.53286193915963,0,23,5,1,100,97,104,25.6524061450809,9,7,17,31,16.5901052888329,5,0,0,0,0,0,7,231,7,0,0,0,0,0,12,0,0,2,0,100,5,0,0,0,0,0,10,0,11,3,8,13,0,0,17,5,0,7,170,"costarica","lose"
"64",14838.998376,2179.324844,122433.98,42937.596786,55634.000512,6844.059482,174,2,6.79295906337656,1085,487,585,117,541,544,3.76437073964798,11.1589902028538,6.29293873734705,6.45961217935688,7.7320216268954,0.423491708210398,12,17,29,12,8,154,42,21.6400447654899,4,30,22,100,233,34,129,113,276,50,185,19.361074371757,6,111,46,0.746179854938103,491,12,303,775,19.8422700109761,5.36804354461288,0.410774239495371,14.5331111020773,8,8,0,180,2.03666815724216,11,29,16,23,315,489,418,7.47997886092931,42,33,0,5,41.6166446230542,17,2,4,17,7,2,3,1061,11,8,0,1,0,1,8,0,0,0,0,100,5,0,12,7,7,5,0,5,18,6,12,24,1,1,0,5,7,0,1003,"spain","win"
"65",18163.779324,2853.978049,115545.67,38037.634564,47997.671318,8492.606745,95,4,5.62177005663724,440,155,258,46,190,250,7.03857736985516,12.7481454642537,6.75832872480406,7.56879421804382,26.8502450466256,4.90463215258856,2,9,31,8,4,86,30,22.4838663416033,3,3,7,37,83,17,65,61,143,59,387,15.4940484726803,3,39,101,0.330032434677786,137,23,161,193,11.7803543164439,19.8193030259573,1.4025527032841,8.29725967314403,2,2,0,108,0.703674745895231,1,31,7,9,184,169,177,9.81712084517249,30,25,7,12,21.6893732970027,13,1,1,10,4,1,5,352,12,5,0,1,0,1,11,0,0,3,0,94,5,0,7,4,1,3,5,5,15,2,13,15,0,0,7,5,1,1,281,"germany","draw"
"66",17562.429651,2658.584604,112651.89,37479.283803,47978.439951,6973.151991,115,1,6.68005162770687,633,273,424,95,316,317,9.46242300577814,15.7636598307759,7.83880682633013,4.99067833070414,8.4726803384483,1.61521005358607,8,10,22,5,2,127,31,13.6768435706249,3,12,13,64,146,19,87,80,186,45,275,17.7863803657583,1,69,79,0.56074642832066,246,27,283,349,19.8193030259573,11.7803543164439,2.33223364289937,13.2826616951097,9,10,0,90,1.24766958267604,6,22,6,16,310,318,270,11.1114298006597,31,21,11,23,32.2870382730411,9,2,1,7,3,0,2,647,11,4,2,0,0,0,13,0,0,1,0,94,4,0,3,1,1,4,9,6,16,2,14,23,0,0,10,4,1,1,565,"spain","draw"
"67",15455.036012,2143.47939,109922.02,41704.414388,44232.620848,6375.47716,103,2,5.56085298196949,561,204,302,62,289,272,5.9478150883349,5.1122572815534,5.3874826629681,5.20327669902913,18.4119278779473,4.85943938961198,2,14,30,18,3,98,12,19.1399077889755,12,9,4,42,103,16,99,67,182,39,316,14.2213064588519,5,57,79,0.468488684054963,203,23,199,299,12.1727635228849,10.0738504222939,0.454934921865437,8.18524618585298,8,9,0,109,0.127860610263523,1,30,6,5,222,231,248,18.2732316227462,12,12,8,20,37.3872863029907,20,4,0,7,3,1,2,500,11,2,0,0,0,1,10,0,0,1,0,94,4,0,6,3,0,1,9,5,14,2,12,12,0,0,8,4,0,1,424,"cameroon","lose"
"68",15153.842796,2389.731562,113257.42,39855.286098,49153.72028,6704.839264,112,2,3.53135582847117,609,200,330,77,260,349,6.31176317614424,6.33440776857481,8.70496552286915,5.25113223713738,23.0996776694276,1.08139736477115,4,11,20,16,11,122,26,19.7923890429958,2,19,13,44,123,21,101,56,178,59,313,13.7244278779473,6,66,64,0.435832533107933,227,23,189,304,10.0738504222939,12.1727635228849,0.953536754507628,7.45236443755355,4,5,0,153,0.862948304704394,3,20,8,13,212,247,256,16.9855971275858,26,25,7,20,30.9205963938974,28,6,1,8,3,0,2,497,10,4,1,0,0,3,12,0,0,2,0,94,5,0,6,2,1,2,6,11,11,3,8,16,0,0,7,5,1,0,437,"swiss","win"
"69",15678.279036,2430.651636,115196.76,42668.879904,47610.820908,6808.128516,89,3,3.81217540290196,710,253,240,48,357,353,8.1664364640884,4.97938641109386,7.95363281040852,3.0572361728329,10.5557637736253,5.1978388040299,8,18,38,11,7,93,22,20.1596522586935,8,12,11,45,109,23,99,78,200,39,217,15.8860090997725,6,53,81,0.502581616898597,198,19,137,363,23.3669754243187,14.9303298667533,1.50105622359441,15.1255554960647,6,7,0,166,0.361407078224554,3,38,12,13,156,141,291,9.96680409059271,22,17,9,16,29.682929801755,23,5,0,13,4,4,3,501,13,5,2,0,0,1,16,0,0,3,0,100,4,0,9,2,0,4,5,5,15,0,15,40,0,0,8,4,0,1,396,"tunisia","lose"
"70",16299.18585,2197.371722,120734.71,41472.372885,52869.729509,7896.050034,111,2,5.63251543711407,342,114,217,41,168,174,9.12753654227124,4.7184757881053,1.99666883327917,5.17143321416965,22.0344491387715,9.61476682550731,3,8,37,19,4,81,13,21.5800182042084,3,11,10,28,91,19,89,63,171,57,273,8.29630026235477,7,53,88,0.315184628445476,117,18,140,181,14.9303298667533,23.3669754243187,1.10296086095197,10.6394215144621,2,4,0,108,0.889665258368541,3,37,8,8,158,127,120,24.163145921352,13,6,13,25,18.9778872409916,23,4,1,8,2,2,0,334,13,3,0,0,0,3,15,0,0,0,0,100,5,0,5,2,1,3,8,2,19,4,15,22,0,0,13,5,1,0,239,"australia","win"
"71",13902.504868,2514.520575,111756.47,43752.658005,45239.019056,6347.767496,95,3,3.47970473044922,381,107,210,42,212,169,10.3399175957344,2.83538181096251,2.78665150612738,4.71420578627249,24.3326655476745,3.2537566650509,3,14,22,10,4,72,14,21.2039505574406,3,11,7,40,96,21,73,59,153,72,400,7.41032476975279,0,49,68,0.30981306731938,139,30,165,166,8.869817893046,24.3153174987882,4.18686379059622,7.4322739004097,4,5,1,99,1.4330319273738,3,22,12,9,195,140,175,35.8113595755049,14,11,11,13,22.3476126999515,27,4,1,5,3,0,3,328,6,2,2,0,1,1,14,0,0,1,0,94,3,0,2,1,0,3,8,7,8,2,6,30,0,0,9,3,1,0,266,"tunisia","win"
"72",13243.43354,2307.89477,107845.55,43224.49644,42652.915025,6416.810225,101,2,7.35882210373243,630,322,330,49,322,308,8.67309184760048,2.19037809015996,2.9871546291808,3.91117304895783,21.9704314105671,2.30476293609111,3,5,16,21,5,66,32,21.9881964372733,6,14,4,33,99,10,82,46,138,66,202,20.4974100745393,3,62,80,0.563735995450322,268,22,217,417,24.3153174987882,8.869817893046,0.739978703051961,16.8928744546777,3,4,0,96,0.493819680077557,1,16,3,11,239,241,212,10.876151236064,32,29,6,23,41.8439908314834,20,5,0,9,3,2,2,636,14,4,2,1,0,1,6,0,0,0,0,94,5,0,4,1,0,5,9,8,17,3,14,27,0,0,5,5,0,1,566,"france","lose"
"73",14055.851846,2653.288726,109640.03,40533.919091,45840.496543,6567.437797,91,3,3.7764505469696,551,187,247,38,260,291,11.4637418329069,2.80976130369641,1.4921084498081,2.12630585144593,30.0309915235105,5.75857700047201,6,13,35,19,4,80,14,24.6962959282538,0,15,8,41,96,17,89,79,185,35,231,12.7642660174397,4,47,54,0.389536822405321,171,23,152,252,13.7429961209285,11.7978784189998,0.896827565647281,9.7756706278349,9,14,0,136,0.238080577961127,3,35,10,8,175,181,228,27.1801818443035,14,12,10,18,32.5454003428316,19,3,0,6,0,1,0,419,7,5,0,0,0,0,10,0,0,1,0,92,3,0,1,0,0,5,9,3,8,1,7,29,0,0,10,3,0,0,340,"korea","draw"
"74",14606.492004,2775.894408,110154.54,41682.477936,44954.067774,6135.607878,81,2,4.33508061510943,566,254,205,37,283,283,7.55290109393921,3.74630462325789,3.80841179539413,3.90281469704121,20.3835738951134,1.91490671756665,3,9,22,14,4,54,16,19.9392484042444,4,13,7,33,88,16,79,51,146,39,240,11.5304886809105,6,48,65,0.496841708713757,191,19,114,408,11.7978784189998,13.7429961209285,1.59267696980892,9.54214592701165,10,10,0,157,1.10799195091049,1,22,6,4,133,140,155,21.4021315181477,16,12,6,10,45.2178642530222,16,4,0,10,0,2,1,528,10,6,0,0,0,3,7,0,0,1,0,92,4,0,7,0,0,3,8,4,10,0,10,22,0,0,6,4,0,0,459,"uruguay","draw"
"75",19030.259197,3021.482114,126953.03,41831.023385,54386.678052,8670.891949,101,1,6.82780386421369,725,240,276,67,392,333,5.41987254216212,7.03050830061838,8.62135324455392,4.3542965642881,21.0838272650296,2.16153726587394,9,13,29,11,4,94,28,22.1885443382296,5,14,15,63,146,23,93,83,199,47,242,13.3753011580011,4,68,81,0.512223714807351,258,25,129,454,18.1035588740923,11.9248853656641,2.03038781378721,9.8888974418187,5,6,0,149,0.369486567623739,4,29,8,12,154,195,336,10.2121981884895,28,24,7,14,40.2725965648558,31,4,1,6,1,1,1,569,9,4,0,0,0,3,15,0,0,4,0,98,5,0,4,1,1,2,5,5,11,1,10,22,0,0,7,5,1,1,509,"usa","draw"
"76",17678.193504,2020.710688,121000.64,41200.71792,53228.181536,6860.736288,73,3,5.70840133675293,436,164,272,60,207,229,8.20952967438996,3.11649957254993,1.60293774772674,5.38975674205331,28.4992616771586,5.52433736176327,4,11,37,7,5,94,15,16.8219023426475,2,7,8,49,103,17,80,77,174,57,292,13.1373001821774,2,46,72,0.396289205906989,156,34,143,236,11.9248853656641,18.1035588740923,2.77884689400354,9.10274345224217,8,9,0,100,0.639232144244968,3,37,9,9,177,187,172,25.2545270847906,15,9,7,17,27.1431503861648,15,6,0,7,3,1,1,409,14,3,0,0,0,3,10,0,0,2,0,98,4,0,5,3,1,2,10,3,15,0,15,25,1,1,6,4,1,1,321,"wales","draw"
"77",12941.307489,2505.454116,106163.31,40979.03766,43346.479473,6391.031262,97,4,3.2562355231797,777,327,324,64,420,357,4.90751456823212,7.66054583906811,3.67249655913257,7.61019168149317,29.6552418678036,1.71367078841039,3,6,20,9,7,78,23,19.2097622383302,4,10,8,72,131,13,71,83,167,24,167,20.0219284887616,12,51,56,0.586944830855806,293,25,170,418,16.3902782906442,11.9165093094556,2.36949503563379,13.3304239820068,6,7,1,140,0.476686025042801,1,20,3,9,195,255,310,7.95259995300279,23,20,8,10,39.5159489147429,17,7,2,17,7,3,1,588,14,6,1,1,1,1,9,0,0,0,0,100,5,1,13,6,2,4,4,6,17,1,16,16,0,0,7,5,3,0,529,"england","win"
"78",13412.586484,1637.461958,104296.94,37338.30452,46078.388092,5840.62864,46,1,2.5684757669895,388,179,213,37,191,197,9.26012957803216,8.26176118251406,4.2049907616089,7.17548882256198,32.9150677143611,6.14824263990063,1,4,16,4,2,72,8,13.2867837121085,1,7,1,33,55,4,45,55,104,54,328,16.8451441807379,0,21,49,0.330963849118576,118,13,121,186,11.9205701407078,16.3902782906442,1.09436369129544,7.15315425067511,1,2,0,71,1.50047714767213,1,16,3,1,134,155,138,17.3174148748249,8,4,17,22,33.7993890362214,4,1,0,7,1,3,1,325,9,3,1,1,0,0,16,0,0,2,0,100,5,0,1,0,0,6,7,1,10,1,9,18,0,0,17,5,0,3,261,"wales","lose"
"79",14780.081635,3248.112802,116838.59,43604.161788,47681.828579,7524.405196,103,5,2.75822905469812,343,85,223,62,184,159,9.74107665301346,4.22455229480601,3.46806741436307,3.83109903259172,22.7878394548441,6.46284376828555,4,15,36,7,7,118,17,28.888238736103,3,7,10,38,92,24,85,76,185,47,276,8.42890579286132,4,44,84,0.339079814493186,101,18,141,153,15.6641044882065,21.5476887068461,4.76009362200117,9.50372158111424,5,8,1,109,0.797047072423794,4,36,15,9,159,122,149,19.3461374652686,17,11,9,25,12.919836161498,26,4,1,21,6,8,2,295,9,6,4,0,1,2,10,0,0,2,0,98,5,0,7,2,1,14,8,7,11,1,10,18,0,0,10,5,2,0,202,"iran","win"
"80",15686.85182,2875.54987,111889.1,42327.64653,44151.43886,6858.80183,101,5,6.19368051492101,722,301,258,60,350,372,8.02928590261018,3.66588648332358,2.12404915155061,5.08484493856056,6.11761263897016,3.60192264789989,3,11,35,13,8,100,32,21.7575597785304,3,18,8,56,129,17,111,80,208,24,161,16.5473462185897,11,65,89,0.516486996075158,223,25,143,354,21.5476887068461,15.6641044882065,0.703754030867828,12.7208894090111,13,13,0,135,0,3,35,11,13,168,169,286,15.1170275014628,32,24,21,37,32.6708175309794,20,5,0,10,3,0,2,508,10,4,2,0,0,1,9,1,0,1,0,98,4,0,5,1,0,5,8,2,12,2,10,30,0,0,21,4,0,2,413,"wales","lose"
