"","nama_produk","harga_final","unit"
"1","Tropicana Slim Pemanis Diabtx","Rp53,900","100 g"
"2","Tropicana Slim Pemanis Stevia","Rp63,900","130 g"
"3","Tropicana Slim Pemanis Klasik","Rp50,900","125 g"
"4","Tropicana Slim Pemanis Klasik","Rp123,900","500 g"
"5","Tropicana Slim Pemanis Klasik","Rp26,900","62.5 g"
"6","Tropicana Slim Pemanis Diabtx","Rp97,900","200 g"
"7","Tropicana Slim Pemanis Diabtx","Rp29,900","50 g"
"8","Tropicana Slim Pemanis Cair Rasa Gula Jawa","Rp69,900","350 ml"
"9","Tropicana Slim Pengganti Kecap Manis","Rp33,900","200 ml"
"10","Tropicana Slim Nutty Chocolate","Rp50,900","200 g"
"11","Tropicana Slim Kukis Garlic Butter Korea Bebas Gula","Rp28,900","5 x 20 g"
"12","Tropicana Slim Madu Pemanis","Rp47,900","1 packet"
"13","Tropicana Slim 3-in-1 Cafe Latte","Rp36,900","140 g"
"14","Tropicana Slim Santan","Rp20,900","5 x 20 g"
"15","Tropicana Slim Sweetener Jahe","Rp47,900","100 g"
"16","Tropicana Slim Oat Drink Vanillicious","Rp8,700","190 g"
"17","Tropicana Slim Sweetener Lemongrass Pandan","Rp47,900","100 g"
"18","Tropicana Slim Minyak Goreng Jagung","Rp104,900","1 L"
"19","Tropicana Slim Kopi Putih","Rp24,900","80 g"
"20","Tropicana Slim Selai Stroberi","Rp88,900","375 g"
"21","Tropicana Slim Sirup Bebas Gula Rasa Jeruk","Rp39,900","750 ml"
"22","Tropicana Slim Minyak Goreng Kanola","Rp86,900","946 ml"
"23","Tropicana Slim GoldenMil Susu dengan Manuka Honey","Rp38,900","180 g"
"24","Tropicana Slim Sirup Bebas Gula Rasa Cocopandan","Rp39,900","750 ml"
"25","Tropicana Slim Susu Skim Original","Rp230,900","1 kg"
"26","Tropicana Slim Sirup Bebas Gula Rasa Leci","Rp39,900","750 ml"
"27","Tropicana Slim Susu Rendah Lemak Tinggi Serat Rasa Coklat","Rp140,900","500 g"
"28","Tropicana Slim Sweet Orange","Rp25,900","60 g"
"29","Tropicana Slim Susu Skim Kopi","Rp138,900","500 g"
"30","Tropicana Slim New Formula Dibuat dengan Susu Skim Rasa Cokelat","Rp138,900","500 g"
"31","Nutrifood Tropicana Slim ","Rp24,900","71 g"
"32","Tropicana Slim Fiber Pro Susu Bubuk Rasa Tawar 500ml","Rp140,900","500 g"
"33","Nutrifood Tropicana Slim Avocado Coffee","Rp17,500","14 g"
"34","NutriSari Minuman Serbuk Instan Rasa Jeruk Peras","Rp11,900","5 x 14 g"
"35","NutriSari Minuman Serbuk Instan Rasa Jeruk Manis Brasil","Rp18,900","10 x 11 g"
"36","NutriSari Minuman Serbuk Rasa Jeruk Manis","Rp47,900","500 g"
"37","NutriSari Minuman Serbuk Instan Rasa Jeruk Manis Amerika","Rp17,100","140 g"
"38","NutriSari Mangga Gandaria","Rp14,900","10 x 14 g"
"39","NutriSari Minuman Campuran Jeruk & Madu","Rp7,900","200 ml"
"40","L-Men Lose Weight Rasa Cokelat Sereal","Rp143,900","300 g"
"41","L-Men Daily Formula Whey Protein Rasa Cokelat Hitam","Rp62,900","250 g"
"42","L-Men Gainmass Susu Nutrisi Tinggi Kalsium Rasa Cokelat untuk Tambahan Olahraga","Rp154,900","500 g"
"43","L-Men Proteinmix 3in1 dengan Kopi","Rp58,900","198 g"
"44","L-Men Advanced Formula Susu Bubuk Rasa Cokelat Vanila","Rp189,900","500 g"
"45","L-Men Minuman Susu Cokelat Rendah Lemak dengan Protein Whey","Rp12,500","200 ml"
"46","L-Men Gainmass Susu Nutrisi Tinggi Kalsium Rasa Cokelat untuk Tambahan Olahraga","Rp77,900","225 g"
"47","L-Men Gainmass dengan Protein Whey","Rp72,900","225 g"
"48","L-Men Advanced Susu Formula Whey Protein Rasa Cappuccino","Rp101,900","250 g"
"49","L-Men Gainmass Susu Nutrisi Tinggi Kalsium Rasa Pisang untuk Tambahan Olahraga","Rp77,900","225 g"
"50","HiLo School Susu Rasa Vanila","Rp53,900","350 g"
"51","HiLo Teen Susu Bubuk Tinggi Kalsium Kurang Lemak Rasa Cokelat","Rp47,900","250 g"
"52","HiLo Teen Susu Bubuk Tinggi Kalsium Kurang Lemak Rasa Cokelat","Rp95,900","500 g"
"53","HiLo Teen Susu Bubuk Tinggi Kalsium Kurang Lemak Rasa Cokelat","Rp47,900","250 g"
"54","HiLo School Susu Bubuk Tinggi Kalsium Kurang Lemak Rasa Cokelat","Rp91,900","500 g"
"55","HiLo Active Susu Bubuk Tinggi Kalsium Kurang Lemak Rasa Cokelat","Rp110,900","750 g"
"56","HiLo Susu Bubuk Tinggi Kalsium Rendah Lemak Rasa Cokelat Belgia","Rp25,900","4 x 30 g"
"57","HiLo Active Susu Bubuk Tinggi Kalsium Kurang Lemak Rasa Cokelat","Rp76,900","500 g"
"58","HiLo Active Susu Tinggi Kalsium Kurang Lemak Rasa Cokelat","Rp38,900","250 g"
"59","HiLo Active Susu Bubuk Tinggi Kalsium Kurang Lemak Rasa Vanila","Rp81,900","500 g"
"60","HiLo Susu Rasa Cokelat Kacang Hazel","Rp29,900","10 x 14 g"
"61","HiLo Teen Susu Bubuk Rasa Vanila Karamel","Rp132,900","750 g"
"62","HiLo School Susu Bubuk Tinggi Kalsium Kurang Lemak Rasa Madu","Rp47,900","250 g"
"63","HiLo Active Susu Bubuk Tinggi Kalsium Kurang Lemak Rasa Tiramisu","Rp8,500","200 ml"
"64","HiLo School Susu Bubuk Tinggi Kalsium Kurang Lemak Rasa Vanila VegiBeri","Rp91,900","500 g"
"65","HiLo Teen Susu Bubuk Tinggi Kalsium Kurang Lemak Rasa Vanila Karamel","Rp47,900","250 g"
"66","HiLo Teen Susu Bubuk Tinggi Kalsium Kurang Lemak Rasa Yogurt Pisang","Rp47,900","250 g"
"67","HiLo Yoghurt Smoothie Bowl","Rp79,900","240 g"
"68","HiLo Ready To Drink Kacang Hijau","Rp7,900","200 ml"
"69","HiLo School Minuman Susu Cokelat","Rp8,500","200 ml"
"70","HiLo School Minuman Susu Tinggi Kalsium Kurang Lemak Rasa VegiBeri","Rp8,500","200 ml"
"71","HiLo Gold Susu Bubuk Tinggi Kalsium Kurang Lemak Rasa Tawar 51 Tahun","Rp41,900","200 g"
"72","HiLo Ready To Drink Susu Gula Aren","Rp7,900","200 ml"
"73","HiLo Cokelat Taro","Rp7,900","200 ml"
"74","HiLo Minuman Teh Thai","Rp7,900","200 ml"
"75","HiLo Platinum Susu Bubuk Tinggi Kalsium Kurang Lemak Rasa Cokelat Swiss","Rp112,900","420 g"
"76","HiLo Gold Susu Bubuk Tinggi Kalsium Kurang Lemak Rasa Cokelat 51 Tahun","Rp44,900","250 g"
"77","HiLo Gold Susu Bubuk Tawar Tinggi Kalsium dan Kurang Lemak 51 Tahun","Rp94,900","500 g"
"78","HiLo Gold Susu Bubuk Tinggi Kalsium Kurang Lemak Rasa Vanila 51 Tahun","Rp41,900","200 g"
"79","Lokalate Kopi Alpukat","Rp20,900","15 g"
"80","Lokalate Kopi Gula Aren","Rp20,900","15 g"
